,pred
0,4645.410448154582
1,9061.928915826227
2,6605.832726545112
3,4645.410448154582
4,980.3529165766129
5,6605.832726545112
6,6605.832726545112
7,4645.410448154582
8,9061.928915826227
9,9061.928915826227
10,9061.928915826227
11,4645.410448154582
12,6605.832726545112
13,980.3529165766129
14,980.3529165766129
15,9061.928915826227
16,9061.928915826227
17,9061.928915826227
18,4645.410448154582
19,6605.832726545112
20,4645.410448154582
21,4645.410448154582
22,6605.832726545112
23,4645.410448154582
24,6605.832726545112
25,6605.832726545112
26,4645.410448154582
27,6605.832726545112
28,6605.832726545112
29,6605.832726545112
30,6605.832726545112
31,6605.832726545112
32,4645.410448154582
33,4645.410448154582
34,980.3529165766129
35,4645.410448154582
36,9061.928915826227
37,9061.928915826227
38,6605.832726545112
39,980.3529165766129
40,9061.928915826227
41,6605.832726545112
42,6605.832726545112
43,980.3529165766129
44,6605.832726545112
45,6605.832726545112
46,9061.928915826227
47,9061.928915826227
48,4645.410448154582
49,6605.832726545112
50,6605.832726545112
51,4645.410448154582
52,980.3529165766129
53,6605.832726545112
54,9061.928915826227
55,9061.928915826227
56,980.3529165766129
57,6605.832726545112
58,9061.928915826227
59,4645.410448154582
60,4645.410448154582
61,980.3529165766129
62,4645.410448154582
63,6605.832726545112
64,6605.832726545112
65,6605.832726545112
66,9061.928915826227
67,980.3529165766129
68,6605.832726545112
69,980.3529165766129
70,4645.410448154582
71,6605.832726545112
72,6605.832726545112
73,4645.410448154582
74,4645.410448154582
75,4645.410448154582
76,4645.410448154582
77,980.3529165766129
78,980.3529165766129
79,6605.832726545112
80,6605.832726545112
81,6605.832726545112
82,4645.410448154582
83,980.3529165766129
84,6605.832726545112
85,9061.928915826227
86,4645.410448154582
87,6605.832726545112
88,4645.410448154582
89,9061.928915826227
90,6605.832726545112
91,980.3529165766129
92,4645.410448154582
93,6605.832726545112
94,4645.410448154582
95,980.3529165766129
96,9061.928915826227
97,6605.832726545112
98,6605.832726545112
99,4645.410448154582
100,6605.832726545112
101,4645.410448154582
102,6605.832726545112
103,9061.928915826227
104,980.3529165766129
105,980.3529165766129
106,6605.832726545112
107,6605.832726545112
108,980.3529165766129
109,6605.832726545112
110,980.3529165766129
111,980.3529165766129
112,9061.928915826227
113,9061.928915826227
114,4645.410448154582
115,9061.928915826227
116,980.3529165766129
117,980.3529165766129
118,6605.832726545112
119,4645.410448154582
120,6605.832726545112
121,980.3529165766129
122,4645.410448154582
123,6605.832726545112
124,980.3529165766129
125,4645.410448154582
126,980.3529165766129
127,9061.928915826227
128,9061.928915826227
129,980.3529165766129
130,6605.832726545112
131,4645.410448154582
132,980.3529165766129
133,6605.832726545112
134,6605.832726545112
135,6605.832726545112
136,6605.832726545112
137,9061.928915826227
138,4645.410448154582
139,6605.832726545112
140,6605.832726545112
141,980.3529165766129
142,6605.832726545112
143,6605.832726545112
144,9061.928915826227
145,4645.410448154582
146,980.3529165766129
147,6605.832726545112
148,6605.832726545112
149,6605.832726545112
150,980.3529165766129
151,980.3529165766129
152,9061.928915826227
153,4645.410448154582
154,6605.832726545112
155,6605.832726545112
156,6605.832726545112
157,9061.928915826227
158,6605.832726545112
159,4645.410448154582
160,4645.410448154582
161,4645.410448154582
162,6605.832726545112
163,6605.832726545112
164,980.3529165766129
165,6605.832726545112
166,6605.832726545112
167,6605.832726545112
168,980.3529165766129
169,980.3529165766129
170,4645.410448154582
171,980.3529165766129
172,6605.832726545112
173,6605.832726545112
174,980.3529165766129
175,6605.832726545112
176,6605.832726545112
177,980.3529165766129
178,6605.832726545112
179,4645.410448154582
180,6605.832726545112
181,4645.410448154582
182,6605.832726545112
183,6605.832726545112
184,6605.832726545112
185,6605.832726545112
186,4645.410448154582
187,980.3529165766129
188,980.3529165766129
189,980.3529165766129
190,6605.832726545112
191,9061.928915826227
192,4645.410448154582
193,6605.832726545112
194,4645.410448154582
195,6605.832726545112
196,4645.410448154582
197,4645.410448154582
198,6605.832726545112
199,4645.410448154582
200,6605.832726545112
201,4645.410448154582
202,4645.410448154582
203,6605.832726545112
204,4645.410448154582
205,980.3529165766129
206,6605.832726545112
207,9061.928915826227
208,980.3529165766129
209,4645.410448154582
210,4645.410448154582
211,980.3529165766129
212,4645.410448154582
213,6605.832726545112
214,980.3529165766129
215,9061.928915826227
216,6605.832726545112
217,980.3529165766129
218,9061.928915826227
219,9061.928915826227
220,6605.832726545112
221,4645.410448154582
222,6605.832726545112
223,6605.832726545112
224,6605.832726545112
225,6605.832726545112
226,980.3529165766129
227,9061.928915826227
228,9061.928915826227
229,6605.832726545112
230,4645.410448154582
231,4645.410448154582
232,980.3529165766129
233,6605.832726545112
234,6605.832726545112
235,980.3529165766129
236,6605.832726545112
237,6605.832726545112
238,980.3529165766129
239,4645.410448154582
240,6605.832726545112
241,4645.410448154582
242,4645.410448154582
243,4645.410448154582
244,6605.832726545112
245,4645.410448154582
246,9061.928915826227
247,4645.410448154582
248,4645.410448154582
249,980.3529165766129
250,6605.832726545112
251,6605.832726545112
252,980.3529165766129
253,6605.832726545112
254,6605.832726545112
255,980.3529165766129
256,4645.410448154582
257,980.3529165766129
258,4645.410448154582
259,6605.832726545112
260,9061.928915826227
261,4645.410448154582
262,6605.832726545112
263,6605.832726545112
264,980.3529165766129
265,6605.832726545112
266,4645.410448154582
267,980.3529165766129
268,6605.832726545112
269,6605.832726545112
270,6605.832726545112
271,4645.410448154582
272,6605.832726545112
273,6605.832726545112
274,9061.928915826227
275,980.3529165766129
276,9061.928915826227
277,6605.832726545112
278,6605.832726545112
279,6605.832726545112
280,4645.410448154582
281,6605.832726545112
282,980.3529165766129
283,6605.832726545112
284,6605.832726545112
285,4645.410448154582
286,6605.832726545112
287,6605.832726545112
288,6605.832726545112
289,4645.410448154582
290,4645.410448154582
291,4645.410448154582
292,980.3529165766129
293,980.3529165766129
294,6605.832726545112
295,6605.832726545112
296,4645.410448154582
297,6605.832726545112
298,4645.410448154582
299,6605.832726545112
300,980.3529165766129
301,6605.832726545112
302,9061.928915826227
303,4645.410448154582
304,4645.410448154582
305,6605.832726545112
306,6605.832726545112
307,980.3529165766129
308,9061.928915826227
309,4645.410448154582
310,6605.832726545112
311,9061.928915826227
312,6605.832726545112
313,4645.410448154582
314,980.3529165766129
315,6605.832726545112
316,980.3529165766129
317,6605.832726545112
318,9061.928915826227
319,6605.832726545112
320,980.3529165766129
321,6605.832726545112
322,980.3529165766129
323,4645.410448154582
324,9061.928915826227
325,980.3529165766129
326,980.3529165766129
327,4645.410448154582
328,980.3529165766129
329,6605.832726545112
330,6605.832726545112
331,980.3529165766129
332,6605.832726545112
333,980.3529165766129
334,6605.832726545112
335,9061.928915826227
336,4645.410448154582
337,6605.832726545112
338,6605.832726545112
339,4645.410448154582
340,980.3529165766129
341,6605.832726545112
342,9061.928915826227
343,6605.832726545112
344,4645.410448154582
345,9061.928915826227
346,6605.832726545112
347,9061.928915826227
348,4645.410448154582
349,980.3529165766129
350,980.3529165766129
351,6605.832726545112
352,6605.832726545112
353,9061.928915826227
354,6605.832726545112
355,980.3529165766129
356,4645.410448154582
357,980.3529165766129
358,980.3529165766129
359,9061.928915826227
360,9061.928915826227
361,6605.832726545112
362,980.3529165766129
363,4645.410448154582
364,6605.832726545112
365,6605.832726545112
366,4645.410448154582
367,6605.832726545112
368,9061.928915826227
369,9061.928915826227
370,980.3529165766129
371,4645.410448154582
372,6605.832726545112
373,9061.928915826227
374,6605.832726545112
375,6605.832726545112
376,6605.832726545112
377,9061.928915826227
378,980.3529165766129
379,4645.410448154582
380,9061.928915826227
381,6605.832726545112
382,9061.928915826227
383,4645.410448154582
384,980.3529165766129
385,9061.928915826227
386,9061.928915826227
387,6605.832726545112
388,9061.928915826227
389,4645.410448154582
390,4645.410448154582
391,6605.832726545112
392,980.3529165766129
393,9061.928915826227
394,6605.832726545112
395,980.3529165766129
396,4645.410448154582
397,9061.928915826227
398,6605.832726545112
399,9061.928915826227
400,4645.410448154582
401,6605.832726545112
402,980.3529165766129
403,9061.928915826227
404,6605.832726545112
405,6605.832726545112
406,4645.410448154582
407,980.3529165766129
408,980.3529165766129
409,4645.410448154582
410,4645.410448154582
411,4645.410448154582
412,980.3529165766129
413,9061.928915826227
414,9061.928915826227
415,9061.928915826227
416,6605.832726545112
417,4645.410448154582
418,6605.832726545112
419,6605.832726545112
420,4645.410448154582
421,6605.832726545112
422,9061.928915826227
423,9061.928915826227
424,4645.410448154582
425,980.3529165766129
426,980.3529165766129
427,6605.832726545112
428,9061.928915826227
429,9061.928915826227
430,4645.410448154582
431,980.3529165766129
432,6605.832726545112
433,4645.410448154582
434,6605.832726545112
435,4645.410448154582
436,6605.832726545112
437,6605.832726545112
438,6605.832726545112
439,6605.832726545112
440,980.3529165766129
441,4645.410448154582
442,6605.832726545112
443,6605.832726545112
444,4645.410448154582
445,4645.410448154582
446,9061.928915826227
447,9061.928915826227
448,4645.410448154582
449,980.3529165766129
450,9061.928915826227
451,980.3529165766129
452,4645.410448154582
453,6605.832726545112
454,6605.832726545112
455,6605.832726545112
456,4645.410448154582
457,6605.832726545112
458,9061.928915826227
459,4645.410448154582
460,6605.832726545112
461,980.3529165766129
462,9061.928915826227
463,9061.928915826227
464,6605.832726545112
465,980.3529165766129
466,9061.928915826227
467,4645.410448154582
468,6605.832726545112
469,6605.832726545112
470,9061.928915826227
471,4645.410448154582
472,6605.832726545112
473,6605.832726545112
474,6605.832726545112
475,980.3529165766129
476,6605.832726545112
477,4645.410448154582
478,980.3529165766129
479,6605.832726545112
480,6605.832726545112
481,980.3529165766129
482,9061.928915826227
483,9061.928915826227
484,9061.928915826227
485,980.3529165766129
486,9061.928915826227
487,9061.928915826227
488,980.3529165766129
489,9061.928915826227
490,980.3529165766129
491,6605.832726545112
492,4645.410448154582
493,980.3529165766129
494,6605.832726545112
495,9061.928915826227
496,6605.832726545112
497,6605.832726545112
498,9061.928915826227
499,4645.410448154582
500,4645.410448154582
501,4645.410448154582
502,6605.832726545112
503,6605.832726545112
504,6605.832726545112
505,4645.410448154582
506,980.3529165766129
507,4645.410448154582
508,4645.410448154582
509,9061.928915826227
510,6605.832726545112
511,9061.928915826227
512,9061.928915826227
513,9061.928915826227
514,980.3529165766129
515,6605.832726545112
516,9061.928915826227
517,9061.928915826227
518,4645.410448154582
519,4645.410448154582
520,6605.832726545112
521,9061.928915826227
522,980.3529165766129
523,6605.832726545112
524,6605.832726545112
525,9061.928915826227
526,980.3529165766129
527,980.3529165766129
528,6605.832726545112
529,9061.928915826227
530,4645.410448154582
531,6605.832726545112
532,6605.832726545112
533,6605.832726545112
534,9061.928915826227
535,6605.832726545112
536,9061.928915826227
537,6605.832726545112
538,6605.832726545112
539,980.3529165766129
540,980.3529165766129
541,6605.832726545112
542,6605.832726545112
543,6605.832726545112
544,6605.832726545112
545,9061.928915826227
546,9061.928915826227
547,4645.410448154582
548,980.3529165766129
549,9061.928915826227
550,4645.410448154582
551,4645.410448154582
552,980.3529165766129
553,6605.832726545112
554,980.3529165766129
555,980.3529165766129
556,6605.832726545112
557,6605.832726545112
558,4645.410448154582
559,4645.410448154582
560,4645.410448154582
561,4645.410448154582
562,9061.928915826227
563,9061.928915826227
564,9061.928915826227
565,4645.410448154582
566,9061.928915826227
567,6605.832726545112
568,9061.928915826227
569,6605.832726545112
570,980.3529165766129
571,6605.832726545112
572,9061.928915826227
573,4645.410448154582
574,980.3529165766129
575,4645.410448154582
576,6605.832726545112
577,6605.832726545112
578,6605.832726545112
579,980.3529165766129
580,980.3529165766129
581,9061.928915826227
582,6605.832726545112
583,6605.832726545112
584,980.3529165766129
585,6605.832726545112
586,9061.928915826227
587,980.3529165766129
588,9061.928915826227
589,980.3529165766129
590,6605.832726545112
591,6605.832726545112
592,6605.832726545112
593,6605.832726545112
594,9061.928915826227
595,980.3529165766129
596,6605.832726545112
597,980.3529165766129
598,980.3529165766129
599,980.3529165766129
600,980.3529165766129
601,6605.832726545112
602,980.3529165766129
603,9061.928915826227
604,9061.928915826227
605,6605.832726545112
606,4645.410448154582
607,980.3529165766129
608,6605.832726545112
609,6605.832726545112
610,9061.928915826227
611,6605.832726545112
612,4645.410448154582
613,980.3529165766129
614,980.3529165766129
615,4645.410448154582
616,9061.928915826227
617,980.3529165766129
618,6605.832726545112
619,980.3529165766129
620,980.3529165766129
621,9061.928915826227
622,980.3529165766129
623,980.3529165766129
624,6605.832726545112
625,9061.928915826227
626,980.3529165766129
627,6605.832726545112
628,6605.832726545112
629,6605.832726545112
630,6605.832726545112
631,6605.832726545112
632,6605.832726545112
633,6605.832726545112
634,9061.928915826227
635,980.3529165766129
636,4645.410448154582
637,6605.832726545112
638,6605.832726545112
639,6605.832726545112
640,4645.410448154582
641,4645.410448154582
642,980.3529165766129
643,980.3529165766129
644,980.3529165766129
645,6605.832726545112
646,6605.832726545112
647,9061.928915826227
648,9061.928915826227
649,6605.832726545112
650,4645.410448154582
651,4645.410448154582
652,6605.832726545112
653,4645.410448154582
654,9061.928915826227
655,6605.832726545112
656,4645.410448154582
657,4645.410448154582
658,6605.832726545112
659,9061.928915826227
660,4645.410448154582
661,4645.410448154582
662,6605.832726545112
663,4645.410448154582
664,4645.410448154582
665,4645.410448154582
666,6605.832726545112
667,6605.832726545112
668,6605.832726545112
669,6605.832726545112
670,980.3529165766129
671,9061.928915826227
672,9061.928915826227
673,4645.410448154582
674,6605.832726545112
675,980.3529165766129
676,4645.410448154582
677,4645.410448154582
678,980.3529165766129
679,980.3529165766129
680,980.3529165766129
681,9061.928915826227
682,9061.928915826227
683,6605.832726545112
684,6605.832726545112
685,4645.410448154582
686,4645.410448154582
687,9061.928915826227
688,980.3529165766129
689,6605.832726545112
690,6605.832726545112
691,980.3529165766129
692,980.3529165766129
693,4645.410448154582
694,6605.832726545112
695,980.3529165766129
696,6605.832726545112
697,980.3529165766129
698,980.3529165766129
699,6605.832726545112
700,6605.832726545112
701,4645.410448154582
702,4645.410448154582
703,6605.832726545112
704,980.3529165766129
705,6605.832726545112
706,4645.410448154582
707,980.3529165766129
708,9061.928915826227
709,6605.832726545112
710,9061.928915826227
711,980.3529165766129
712,6605.832726545112
713,4645.410448154582
714,9061.928915826227
715,6605.832726545112
716,6605.832726545112
717,4645.410448154582
718,6605.832726545112
719,6605.832726545112
720,4645.410448154582
721,6605.832726545112
722,980.3529165766129
723,6605.832726545112
724,9061.928915826227
725,980.3529165766129
726,6605.832726545112
727,6605.832726545112
728,4645.410448154582
729,980.3529165766129
730,980.3529165766129
731,9061.928915826227
732,4645.410448154582
733,980.3529165766129
734,9061.928915826227
735,6605.832726545112
736,4645.410448154582
737,4645.410448154582
738,9061.928915826227
739,6605.832726545112
740,4645.410448154582
741,4645.410448154582
742,6605.832726545112
743,980.3529165766129
744,4645.410448154582
745,6605.832726545112
746,980.3529165766129
747,6605.832726545112
748,9061.928915826227
749,6605.832726545112
750,980.3529165766129
751,9061.928915826227
752,6605.832726545112
753,6605.832726545112
754,6605.832726545112
755,6605.832726545112
756,6605.832726545112
757,6605.832726545112
758,6605.832726545112
759,980.3529165766129
760,4645.410448154582
761,6605.832726545112
762,6605.832726545112
763,6605.832726545112
764,4645.410448154582
765,9061.928915826227
766,980.3529165766129
767,6605.832726545112
768,980.3529165766129
769,4645.410448154582
770,980.3529165766129
771,980.3529165766129
772,4645.410448154582
773,6605.832726545112
774,9061.928915826227
775,6605.832726545112
776,9061.928915826227
777,6605.832726545112
778,6605.832726545112
779,6605.832726545112
780,6605.832726545112
781,980.3529165766129
782,9061.928915826227
783,6605.832726545112
784,4645.410448154582
785,4645.410448154582
786,4645.410448154582
787,6605.832726545112
788,6605.832726545112
789,6605.832726545112
790,4645.410448154582
791,6605.832726545112
792,4645.410448154582
793,4645.410448154582
794,6605.832726545112
795,4645.410448154582
796,980.3529165766129
797,6605.832726545112
798,6605.832726545112
799,980.3529165766129
800,4645.410448154582
801,6605.832726545112
802,6605.832726545112
803,9061.928915826227
804,4645.410448154582
805,980.3529165766129
806,6605.832726545112
807,6605.832726545112
808,6605.832726545112
809,980.3529165766129
810,6605.832726545112
811,4645.410448154582
812,980.3529165766129
813,6605.832726545112
814,4645.410448154582
815,4645.410448154582
816,6605.832726545112
817,9061.928915826227
818,980.3529165766129
819,6605.832726545112
820,4645.410448154582
821,6605.832726545112
822,6605.832726545112
823,6605.832726545112
824,4645.410448154582
825,6605.832726545112
826,9061.928915826227
827,4645.410448154582
828,980.3529165766129
829,6605.832726545112
830,9061.928915826227
831,6605.832726545112
832,9061.928915826227
833,6605.832726545112
834,6605.832726545112
835,6605.832726545112
836,4645.410448154582
837,6605.832726545112
838,6605.832726545112
839,980.3529165766129
840,980.3529165766129
841,9061.928915826227
842,980.3529165766129
843,4645.410448154582
844,980.3529165766129
845,4645.410448154582
846,6605.832726545112
847,6605.832726545112
848,4645.410448154582
849,6605.832726545112
850,4645.410448154582
851,9061.928915826227
852,9061.928915826227
853,980.3529165766129
854,4645.410448154582
855,6605.832726545112
856,6605.832726545112
857,6605.832726545112
858,9061.928915826227
859,6605.832726545112
860,9061.928915826227
861,4645.410448154582
862,4645.410448154582
863,9061.928915826227
864,6605.832726545112
865,6605.832726545112
866,4645.410448154582
867,9061.928915826227
868,980.3529165766129
869,6605.832726545112
870,980.3529165766129
871,4645.410448154582
872,6605.832726545112
873,980.3529165766129
874,6605.832726545112
875,9061.928915826227
876,6605.832726545112
877,6605.832726545112
878,980.3529165766129
879,6605.832726545112
880,6605.832726545112
881,6605.832726545112
882,6605.832726545112
883,4645.410448154582
884,4645.410448154582
885,980.3529165766129
886,6605.832726545112
887,9061.928915826227
888,6605.832726545112
889,4645.410448154582
890,980.3529165766129
891,4645.410448154582
892,4645.410448154582
893,6605.832726545112
894,980.3529165766129
895,9061.928915826227
896,4645.410448154582
897,980.3529165766129
898,6605.832726545112
899,9061.928915826227
900,6605.832726545112
901,980.3529165766129
902,4645.410448154582
903,980.3529165766129
904,6605.832726545112
905,9061.928915826227
906,6605.832726545112
907,9061.928915826227
908,6605.832726545112
909,9061.928915826227
910,9061.928915826227
911,6605.832726545112
912,4645.410448154582
913,9061.928915826227
914,9061.928915826227
915,6605.832726545112
916,6605.832726545112
917,6605.832726545112
918,980.3529165766129
919,4645.410448154582
920,980.3529165766129
921,6605.832726545112
922,4645.410448154582
923,9061.928915826227
924,6605.832726545112
925,6605.832726545112
926,980.3529165766129
927,980.3529165766129
928,6605.832726545112
929,6605.832726545112
930,980.3529165766129
931,6605.832726545112
932,4645.410448154582
933,4645.410448154582
934,980.3529165766129
935,6605.832726545112
936,9061.928915826227
937,980.3529165766129
938,4645.410448154582
939,9061.928915826227
940,980.3529165766129
941,6605.832726545112
942,6605.832726545112
943,4645.410448154582
944,6605.832726545112
945,6605.832726545112
946,6605.832726545112
947,9061.928915826227
948,6605.832726545112
949,6605.832726545112
950,6605.832726545112
951,9061.928915826227
952,6605.832726545112
953,9061.928915826227
954,4645.410448154582
955,980.3529165766129
956,4645.410448154582
957,9061.928915826227
958,4645.410448154582
959,980.3529165766129
960,980.3529165766129
961,6605.832726545112
962,6605.832726545112
963,6605.832726545112
964,980.3529165766129
965,980.3529165766129
966,9061.928915826227
967,9061.928915826227
968,980.3529165766129
969,6605.832726545112
970,4645.410448154582
971,6605.832726545112
972,6605.832726545112
973,9061.928915826227
974,6605.832726545112
975,6605.832726545112
976,980.3529165766129
977,4645.410448154582
978,4645.410448154582
979,9061.928915826227
980,6605.832726545112
981,6605.832726545112
982,6605.832726545112
983,4645.410448154582
984,6605.832726545112
985,9061.928915826227
986,6605.832726545112
987,6605.832726545112
988,6605.832726545112
989,6605.832726545112
990,6605.832726545112
991,4645.410448154582
992,6605.832726545112
993,6605.832726545112
994,4645.410448154582
995,4645.410448154582
996,6605.832726545112
997,6605.832726545112
998,6605.832726545112
999,9061.928915826227
1000,4645.410448154582
1001,6605.832726545112
1002,4645.410448154582
1003,4645.410448154582
1004,9061.928915826227
1005,4645.410448154582
1006,6605.832726545112
1007,4645.410448154582
1008,6605.832726545112
1009,980.3529165766129
1010,4645.410448154582
1011,9061.928915826227
1012,6605.832726545112
1013,9061.928915826227
1014,9061.928915826227
1015,9061.928915826227
1016,9061.928915826227
1017,6605.832726545112
1018,6605.832726545112
1019,6605.832726545112
1020,980.3529165766129
1021,4645.410448154582
1022,9061.928915826227
1023,6605.832726545112
1024,980.3529165766129
1025,9061.928915826227
1026,6605.832726545112
1027,9061.928915826227
1028,6605.832726545112
1029,4645.410448154582
1030,4645.410448154582
1031,980.3529165766129
1032,6605.832726545112
1033,6605.832726545112
1034,980.3529165766129
1035,4645.410448154582
1036,6605.832726545112
1037,4645.410448154582
1038,980.3529165766129
1039,9061.928915826227
1040,6605.832726545112
1041,6605.832726545112
1042,4645.410448154582
1043,6605.832726545112
1044,9061.928915826227
1045,9061.928915826227
1046,6605.832726545112
1047,4645.410448154582
1048,6605.832726545112
1049,980.3529165766129
1050,9061.928915826227
1051,9061.928915826227
1052,4645.410448154582
1053,6605.832726545112
1054,6605.832726545112
1055,4645.410448154582
1056,980.3529165766129
1057,9061.928915826227
1058,9061.928915826227
1059,6605.832726545112
1060,9061.928915826227
1061,980.3529165766129
1062,6605.832726545112
1063,6605.832726545112
1064,980.3529165766129
1065,4645.410448154582
1066,4645.410448154582
1067,980.3529165766129
1068,6605.832726545112
1069,9061.928915826227
1070,6605.832726545112
1071,980.3529165766129
1072,4645.410448154582
1073,6605.832726545112
1074,6605.832726545112
1075,4645.410448154582
1076,4645.410448154582
1077,4645.410448154582
1078,980.3529165766129
1079,6605.832726545112
1080,6605.832726545112
1081,980.3529165766129
1082,6605.832726545112
1083,980.3529165766129
1084,980.3529165766129
1085,980.3529165766129
1086,6605.832726545112
1087,6605.832726545112
1088,6605.832726545112
1089,4645.410448154582
1090,980.3529165766129
1091,980.3529165766129
1092,6605.832726545112
1093,6605.832726545112
1094,4645.410448154582
1095,6605.832726545112
1096,6605.832726545112
1097,6605.832726545112
1098,9061.928915826227
1099,980.3529165766129
1100,9061.928915826227
1101,4645.410448154582
1102,6605.832726545112
1103,6605.832726545112
1104,6605.832726545112
1105,9061.928915826227
1106,980.3529165766129
1107,6605.832726545112
1108,6605.832726545112
1109,4645.410448154582
1110,6605.832726545112
1111,4645.410448154582
1112,6605.832726545112
1113,6605.832726545112
1114,980.3529165766129
1115,6605.832726545112
1116,980.3529165766129
1117,4645.410448154582
1118,6605.832726545112
1119,6605.832726545112
1120,6605.832726545112
1121,4645.410448154582
1122,4645.410448154582
1123,4645.410448154582
1124,9061.928915826227
1125,4645.410448154582
1126,4645.410448154582
1127,6605.832726545112
1128,6605.832726545112
1129,9061.928915826227
1130,6605.832726545112
1131,6605.832726545112
1132,980.3529165766129
1133,6605.832726545112
1134,4645.410448154582
1135,6605.832726545112
1136,6605.832726545112
1137,4645.410448154582
1138,4645.410448154582
1139,9061.928915826227
1140,6605.832726545112
1141,980.3529165766129
1142,4645.410448154582
1143,4645.410448154582
1144,9061.928915826227
1145,980.3529165766129
1146,4645.410448154582
1147,4645.410448154582
1148,6605.832726545112
1149,980.3529165766129
1150,6605.832726545112
1151,4645.410448154582
1152,6605.832726545112
1153,6605.832726545112
1154,980.3529165766129
1155,6605.832726545112
1156,980.3529165766129
1157,9061.928915826227
1158,4645.410448154582
1159,6605.832726545112
1160,6605.832726545112
1161,4645.410448154582
1162,6605.832726545112
1163,9061.928915826227
1164,9061.928915826227
1165,4645.410448154582
1166,980.3529165766129
1167,4645.410448154582
1168,6605.832726545112
1169,9061.928915826227
1170,9061.928915826227
1171,6605.832726545112
1172,6605.832726545112
1173,4645.410448154582
1174,6605.832726545112
1175,6605.832726545112
1176,980.3529165766129
1177,980.3529165766129
1178,4645.410448154582
1179,6605.832726545112
1180,6605.832726545112
1181,9061.928915826227
1182,9061.928915826227
1183,6605.832726545112
1184,6605.832726545112
1185,4645.410448154582
1186,6605.832726545112
1187,6605.832726545112
1188,4645.410448154582
1189,6605.832726545112
1190,4645.410448154582
1191,4645.410448154582
1192,9061.928915826227
1193,4645.410448154582
1194,4645.410448154582
1195,4645.410448154582
1196,980.3529165766129
1197,4645.410448154582
1198,6605.832726545112
1199,6605.832726545112
1200,6605.832726545112
1201,9061.928915826227
1202,6605.832726545112
1203,980.3529165766129
1204,6605.832726545112
1205,4645.410448154582
1206,9061.928915826227
1207,4645.410448154582
1208,980.3529165766129
1209,4645.410448154582
1210,9061.928915826227
1211,6605.832726545112
1212,4645.410448154582
1213,980.3529165766129
1214,980.3529165766129
1215,9061.928915826227
1216,6605.832726545112
1217,9061.928915826227
1218,6605.832726545112
1219,980.3529165766129
1220,980.3529165766129
1221,4645.410448154582
1222,6605.832726545112
1223,9061.928915826227
1224,6605.832726545112
1225,4645.410448154582
1226,980.3529165766129
1227,980.3529165766129
1228,6605.832726545112
1229,4645.410448154582
1230,4645.410448154582
1231,6605.832726545112
1232,4645.410448154582
1233,6605.832726545112
1234,980.3529165766129
1235,9061.928915826227
1236,6605.832726545112
1237,6605.832726545112
1238,6605.832726545112
1239,6605.832726545112
1240,4645.410448154582
1241,6605.832726545112
1242,6605.832726545112
1243,6605.832726545112
1244,6605.832726545112
1245,4645.410448154582
1246,980.3529165766129
1247,9061.928915826227
1248,6605.832726545112
1249,980.3529165766129
1250,9061.928915826227
1251,980.3529165766129
1252,4645.410448154582
1253,980.3529165766129
1254,980.3529165766129
1255,9061.928915826227
1256,6605.832726545112
1257,9061.928915826227
1258,980.3529165766129
1259,9061.928915826227
1260,6605.832726545112
1261,6605.832726545112
1262,980.3529165766129
1263,9061.928915826227
1264,9061.928915826227
1265,4645.410448154582
1266,9061.928915826227
1267,6605.832726545112
1268,980.3529165766129
1269,4645.410448154582
1270,4645.410448154582
1271,980.3529165766129
1272,6605.832726545112
1273,9061.928915826227
1274,6605.832726545112
1275,9061.928915826227
1276,6605.832726545112
1277,980.3529165766129
1278,6605.832726545112
1279,9061.928915826227
1280,6605.832726545112
1281,6605.832726545112
1282,980.3529165766129
1283,4645.410448154582
1284,980.3529165766129
1285,6605.832726545112
1286,4645.410448154582
1287,4645.410448154582
1288,4645.410448154582
1289,980.3529165766129
1290,4645.410448154582
1291,4645.410448154582
1292,9061.928915826227
1293,980.3529165766129
1294,6605.832726545112
1295,9061.928915826227
1296,6605.832726545112
1297,980.3529165766129
1298,9061.928915826227
1299,4645.410448154582
1300,6605.832726545112
1301,4645.410448154582
1302,6605.832726545112
1303,6605.832726545112
1304,980.3529165766129
1305,6605.832726545112
1306,980.3529165766129
1307,4645.410448154582
1308,4645.410448154582
1309,4645.410448154582
1310,6605.832726545112
1311,980.3529165766129
1312,9061.928915826227
1313,9061.928915826227
1314,6605.832726545112
1315,9061.928915826227
1316,6605.832726545112
1317,6605.832726545112
1318,6605.832726545112
1319,6605.832726545112
1320,9061.928915826227
1321,9061.928915826227
1322,9061.928915826227
1323,9061.928915826227
1324,980.3529165766129
1325,9061.928915826227
1326,980.3529165766129
1327,6605.832726545112
1328,6605.832726545112
1329,980.3529165766129
1330,6605.832726545112
1331,6605.832726545112
1332,6605.832726545112
1333,4645.410448154582
1334,6605.832726545112
1335,980.3529165766129
1336,980.3529165766129
1337,4645.410448154582
1338,6605.832726545112
1339,9061.928915826227
1340,6605.832726545112
1341,4645.410448154582
1342,980.3529165766129
1343,9061.928915826227
1344,9061.928915826227
1345,6605.832726545112
1346,6605.832726545112
1347,9061.928915826227
1348,4645.410448154582
1349,980.3529165766129
1350,9061.928915826227
1351,9061.928915826227
1352,9061.928915826227
1353,980.3529165766129
1354,6605.832726545112
1355,6605.832726545112
1356,6605.832726545112
1357,6605.832726545112
1358,4645.410448154582
1359,6605.832726545112
1360,980.3529165766129
1361,6605.832726545112
1362,9061.928915826227
1363,980.3529165766129
1364,6605.832726545112
1365,6605.832726545112
1366,6605.832726545112
1367,6605.832726545112
1368,4645.410448154582
1369,4645.410448154582
1370,980.3529165766129
1371,6605.832726545112
1372,9061.928915826227
1373,4645.410448154582
1374,4645.410448154582
1375,6605.832726545112
1376,9061.928915826227
1377,4645.410448154582
1378,6605.832726545112
1379,9061.928915826227
1380,980.3529165766129
1381,6605.832726545112
1382,6605.832726545112
1383,9061.928915826227
1384,4645.410448154582
1385,4645.410448154582
1386,9061.928915826227
1387,6605.832726545112
1388,6605.832726545112
1389,4645.410448154582
1390,6605.832726545112
1391,6605.832726545112
1392,980.3529165766129
1393,4645.410448154582
1394,4645.410448154582
1395,980.3529165766129
1396,6605.832726545112
1397,9061.928915826227
1398,4645.410448154582
1399,6605.832726545112
1400,6605.832726545112
1401,6605.832726545112
1402,980.3529165766129
1403,980.3529165766129
1404,6605.832726545112
1405,4645.410448154582
1406,980.3529165766129
1407,9061.928915826227
1408,6605.832726545112
1409,980.3529165766129
1410,6605.832726545112
1411,4645.410448154582
1412,4645.410448154582
1413,6605.832726545112
1414,6605.832726545112
1415,6605.832726545112
1416,6605.832726545112
1417,980.3529165766129
1418,4645.410448154582
1419,980.3529165766129
1420,980.3529165766129
1421,980.3529165766129
1422,4645.410448154582
1423,6605.832726545112
1424,9061.928915826227
1425,980.3529165766129
1426,9061.928915826227
1427,4645.410448154582
1428,6605.832726545112
1429,6605.832726545112
1430,6605.832726545112
1431,6605.832726545112
1432,6605.832726545112
1433,4645.410448154582
1434,4645.410448154582
1435,6605.832726545112
1436,6605.832726545112
1437,6605.832726545112
1438,6605.832726545112
1439,6605.832726545112
1440,980.3529165766129
1441,4645.410448154582
1442,4645.410448154582
1443,6605.832726545112
1444,980.3529165766129
1445,980.3529165766129
1446,6605.832726545112
1447,6605.832726545112
1448,9061.928915826227
1449,4645.410448154582
1450,6605.832726545112
1451,980.3529165766129
1452,9061.928915826227
1453,9061.928915826227
1454,980.3529165766129
1455,6605.832726545112
1456,980.3529165766129
1457,6605.832726545112
1458,9061.928915826227
1459,4645.410448154582
1460,980.3529165766129
1461,4645.410448154582
1462,9061.928915826227
1463,980.3529165766129
1464,4645.410448154582
1465,980.3529165766129
1466,980.3529165766129
1467,980.3529165766129
1468,4645.410448154582
1469,6605.832726545112
1470,980.3529165766129
1471,980.3529165766129
1472,6605.832726545112
1473,4645.410448154582
1474,6605.832726545112
1475,4645.410448154582
1476,9061.928915826227
1477,6605.832726545112
1478,6605.832726545112
1479,980.3529165766129
1480,6605.832726545112
1481,980.3529165766129
1482,6605.832726545112
1483,6605.832726545112
1484,9061.928915826227
1485,4645.410448154582
1486,6605.832726545112
1487,6605.832726545112
1488,6605.832726545112
1489,6605.832726545112
1490,4645.410448154582
1491,6605.832726545112
1492,6605.832726545112
1493,4645.410448154582
1494,4645.410448154582
1495,980.3529165766129
1496,6605.832726545112
1497,9061.928915826227
1498,4645.410448154582
1499,980.3529165766129
1500,9061.928915826227
1501,980.3529165766129
1502,4645.410448154582
1503,9061.928915826227
1504,4645.410448154582
1505,9061.928915826227
1506,9061.928915826227
1507,6605.832726545112
1508,980.3529165766129
1509,6605.832726545112
1510,4645.410448154582
1511,6605.832726545112
1512,6605.832726545112
1513,6605.832726545112
1514,4645.410448154582
1515,4645.410448154582
1516,6605.832726545112
1517,4645.410448154582
1518,6605.832726545112
1519,9061.928915826227
1520,6605.832726545112
1521,6605.832726545112
1522,980.3529165766129
1523,6605.832726545112
1524,4645.410448154582
1525,6605.832726545112
1526,6605.832726545112
1527,4645.410448154582
1528,6605.832726545112
1529,6605.832726545112
1530,4645.410448154582
1531,4645.410448154582
1532,9061.928915826227
1533,9061.928915826227
1534,4645.410448154582
1535,9061.928915826227
1536,6605.832726545112
1537,6605.832726545112
1538,4645.410448154582
1539,980.3529165766129
1540,6605.832726545112
1541,980.3529165766129
1542,6605.832726545112
1543,6605.832726545112
1544,6605.832726545112
1545,6605.832726545112
1546,6605.832726545112
1547,980.3529165766129
1548,9061.928915826227
1549,6605.832726545112
1550,9061.928915826227
1551,980.3529165766129
1552,6605.832726545112
1553,4645.410448154582
1554,9061.928915826227
1555,6605.832726545112
1556,4645.410448154582
1557,6605.832726545112
1558,6605.832726545112
1559,4645.410448154582
1560,6605.832726545112
1561,4645.410448154582
1562,4645.410448154582
1563,9061.928915826227
1564,6605.832726545112
1565,4645.410448154582
1566,6605.832726545112
1567,980.3529165766129
1568,4645.410448154582
1569,6605.832726545112
1570,980.3529165766129
1571,9061.928915826227
1572,9061.928915826227
1573,4645.410448154582
1574,6605.832726545112
1575,980.3529165766129
1576,6605.832726545112
1577,6605.832726545112
1578,6605.832726545112
1579,9061.928915826227
1580,6605.832726545112
1581,6605.832726545112
1582,4645.410448154582
1583,4645.410448154582
1584,4645.410448154582
1585,6605.832726545112
1586,980.3529165766129
1587,6605.832726545112
1588,6605.832726545112
1589,6605.832726545112
1590,980.3529165766129
1591,6605.832726545112
1592,6605.832726545112
1593,6605.832726545112
1594,980.3529165766129
1595,6605.832726545112
1596,4645.410448154582
1597,6605.832726545112
1598,6605.832726545112
1599,6605.832726545112
1600,6605.832726545112
1601,6605.832726545112
1602,6605.832726545112
1603,6605.832726545112
1604,6605.832726545112
1605,6605.832726545112
1606,980.3529165766129
1607,4645.410448154582
1608,6605.832726545112
1609,6605.832726545112
1610,9061.928915826227
1611,980.3529165766129
1612,4645.410448154582
1613,4645.410448154582
1614,6605.832726545112
1615,980.3529165766129
1616,6605.832726545112
1617,6605.832726545112
1618,980.3529165766129
1619,9061.928915826227
1620,6605.832726545112
1621,6605.832726545112
1622,9061.928915826227
1623,6605.832726545112
1624,6605.832726545112
1625,4645.410448154582
1626,6605.832726545112
1627,4645.410448154582
1628,9061.928915826227
1629,4645.410448154582
1630,6605.832726545112
1631,4645.410448154582
1632,9061.928915826227
1633,6605.832726545112
1634,9061.928915826227
1635,4645.410448154582
1636,6605.832726545112
1637,6605.832726545112
1638,4645.410448154582
1639,980.3529165766129
1640,4645.410448154582
1641,9061.928915826227
1642,6605.832726545112
1643,6605.832726545112
1644,980.3529165766129
1645,9061.928915826227
1646,4645.410448154582
1647,6605.832726545112
1648,6605.832726545112
1649,980.3529165766129
1650,6605.832726545112
1651,4645.410448154582
1652,6605.832726545112
1653,9061.928915826227
1654,4645.410448154582
1655,4645.410448154582
1656,4645.410448154582
1657,980.3529165766129
1658,6605.832726545112
1659,9061.928915826227
1660,9061.928915826227
1661,4645.410448154582
1662,4645.410448154582
1663,980.3529165766129
1664,9061.928915826227
1665,980.3529165766129
1666,4645.410448154582
1667,9061.928915826227
1668,6605.832726545112
1669,980.3529165766129
1670,6605.832726545112
1671,9061.928915826227
1672,6605.832726545112
1673,6605.832726545112
1674,6605.832726545112
1675,4645.410448154582
1676,6605.832726545112
1677,4645.410448154582
1678,6605.832726545112
1679,9061.928915826227
1680,6605.832726545112
1681,6605.832726545112
1682,9061.928915826227
1683,6605.832726545112
1684,6605.832726545112
1685,980.3529165766129
1686,980.3529165766129
1687,9061.928915826227
1688,6605.832726545112
1689,4645.410448154582
1690,980.3529165766129
1691,6605.832726545112
1692,6605.832726545112
1693,6605.832726545112
1694,6605.832726545112
1695,4645.410448154582
1696,980.3529165766129
1697,9061.928915826227
1698,6605.832726545112
1699,6605.832726545112
1700,6605.832726545112
1701,980.3529165766129
1702,9061.928915826227
1703,6605.832726545112
1704,9061.928915826227
1705,6605.832726545112
1706,9061.928915826227
1707,4645.410448154582
1708,6605.832726545112
1709,6605.832726545112
1710,6605.832726545112
1711,4645.410448154582
1712,6605.832726545112
1713,9061.928915826227
1714,6605.832726545112
1715,4645.410448154582
1716,6605.832726545112
1717,980.3529165766129
1718,980.3529165766129
1719,980.3529165766129
1720,6605.832726545112
1721,4645.410448154582
1722,9061.928915826227
1723,9061.928915826227
1724,9061.928915826227
1725,4645.410448154582
1726,4645.410448154582
1727,4645.410448154582
1728,6605.832726545112
1729,6605.832726545112
1730,4645.410448154582
1731,9061.928915826227
1732,980.3529165766129
1733,6605.832726545112
1734,4645.410448154582
1735,4645.410448154582
1736,6605.832726545112
1737,9061.928915826227
1738,4645.410448154582
1739,6605.832726545112
1740,4645.410448154582
1741,6605.832726545112
1742,9061.928915826227
1743,6605.832726545112
1744,9061.928915826227
1745,6605.832726545112
1746,6605.832726545112
1747,9061.928915826227
1748,980.3529165766129
1749,9061.928915826227
1750,4645.410448154582
1751,9061.928915826227
1752,4645.410448154582
1753,980.3529165766129
1754,6605.832726545112
1755,9061.928915826227
1756,4645.410448154582
1757,6605.832726545112
1758,6605.832726545112
1759,4645.410448154582
1760,4645.410448154582
1761,6605.832726545112
1762,980.3529165766129
1763,980.3529165766129
1764,6605.832726545112
1765,6605.832726545112
1766,4645.410448154582
1767,980.3529165766129
1768,9061.928915826227
1769,980.3529165766129
1770,6605.832726545112
1771,980.3529165766129
1772,4645.410448154582
1773,4645.410448154582
1774,980.3529165766129
1775,9061.928915826227
1776,6605.832726545112
1777,9061.928915826227
1778,4645.410448154582
1779,980.3529165766129
1780,9061.928915826227
1781,6605.832726545112
1782,980.3529165766129
1783,980.3529165766129
1784,4645.410448154582
1785,4645.410448154582
1786,980.3529165766129
1787,9061.928915826227
1788,4645.410448154582
1789,6605.832726545112
1790,9061.928915826227
1791,4645.410448154582
1792,6605.832726545112
1793,9061.928915826227
1794,9061.928915826227
1795,980.3529165766129
1796,6605.832726545112
1797,9061.928915826227
1798,4645.410448154582
1799,980.3529165766129
1800,6605.832726545112
1801,6605.832726545112
1802,6605.832726545112
1803,6605.832726545112
1804,6605.832726545112
1805,4645.410448154582
1806,980.3529165766129
1807,4645.410448154582
1808,6605.832726545112
1809,4645.410448154582
1810,6605.832726545112
1811,4645.410448154582
1812,980.3529165766129
1813,6605.832726545112
1814,980.3529165766129
1815,6605.832726545112
1816,6605.832726545112
1817,980.3529165766129
1818,6605.832726545112
1819,4645.410448154582
1820,4645.410448154582
1821,4645.410448154582
1822,980.3529165766129
1823,6605.832726545112
1824,980.3529165766129
1825,4645.410448154582
1826,6605.832726545112
1827,9061.928915826227
1828,6605.832726545112
1829,980.3529165766129
1830,6605.832726545112
1831,6605.832726545112
1832,6605.832726545112
1833,9061.928915826227
1834,6605.832726545112
1835,4645.410448154582
1836,4645.410448154582
1837,980.3529165766129
1838,9061.928915826227
1839,4645.410448154582
1840,6605.832726545112
1841,4645.410448154582
1842,4645.410448154582
1843,9061.928915826227
1844,6605.832726545112
1845,4645.410448154582
1846,9061.928915826227
1847,4645.410448154582
1848,6605.832726545112
1849,980.3529165766129
1850,6605.832726545112
1851,9061.928915826227
1852,6605.832726545112
1853,980.3529165766129
1854,6605.832726545112
1855,6605.832726545112
1856,980.3529165766129
1857,9061.928915826227
1858,4645.410448154582
1859,980.3529165766129
1860,6605.832726545112
1861,6605.832726545112
1862,4645.410448154582
1863,6605.832726545112
1864,4645.410448154582
1865,4645.410448154582
1866,9061.928915826227
1867,9061.928915826227
1868,9061.928915826227
1869,9061.928915826227
1870,6605.832726545112
1871,980.3529165766129
1872,6605.832726545112
1873,4645.410448154582
1874,980.3529165766129
1875,4645.410448154582
1876,6605.832726545112
1877,9061.928915826227
1878,980.3529165766129
1879,980.3529165766129
1880,4645.410448154582
1881,6605.832726545112
1882,6605.832726545112
1883,6605.832726545112
1884,4645.410448154582
1885,6605.832726545112
1886,6605.832726545112
1887,6605.832726545112
1888,9061.928915826227
1889,6605.832726545112
1890,4645.410448154582
1891,980.3529165766129
1892,6605.832726545112
1893,6605.832726545112
1894,6605.832726545112
1895,4645.410448154582
1896,6605.832726545112
1897,6605.832726545112
1898,4645.410448154582
1899,980.3529165766129
1900,9061.928915826227
1901,980.3529165766129
1902,4645.410448154582
1903,4645.410448154582
1904,6605.832726545112
1905,6605.832726545112
1906,6605.832726545112
1907,6605.832726545112
1908,6605.832726545112
1909,6605.832726545112
1910,4645.410448154582
1911,4645.410448154582
1912,4645.410448154582
1913,6605.832726545112
1914,6605.832726545112
1915,6605.832726545112
1916,980.3529165766129
1917,9061.928915826227
1918,980.3529165766129
1919,6605.832726545112
1920,6605.832726545112
1921,980.3529165766129
1922,6605.832726545112
1923,6605.832726545112
1924,6605.832726545112
1925,6605.832726545112
1926,6605.832726545112
1927,6605.832726545112
1928,980.3529165766129
1929,4645.410448154582
1930,6605.832726545112
1931,6605.832726545112
1932,6605.832726545112
1933,980.3529165766129
1934,9061.928915826227
1935,980.3529165766129
1936,6605.832726545112
1937,4645.410448154582
1938,980.3529165766129
1939,6605.832726545112
1940,6605.832726545112
1941,6605.832726545112
1942,4645.410448154582
1943,6605.832726545112
1944,4645.410448154582
1945,6605.832726545112
1946,980.3529165766129
1947,980.3529165766129
1948,6605.832726545112
1949,980.3529165766129
1950,980.3529165766129
1951,6605.832726545112
1952,980.3529165766129
1953,9061.928915826227
1954,4645.410448154582
1955,6605.832726545112
1956,4645.410448154582
1957,6605.832726545112
1958,4645.410448154582
1959,980.3529165766129
1960,6605.832726545112
1961,9061.928915826227
1962,9061.928915826227
1963,4645.410448154582
1964,4645.410448154582
1965,4645.410448154582
1966,6605.832726545112
1967,6605.832726545112
1968,980.3529165766129
1969,4645.410448154582
1970,980.3529165766129
1971,6605.832726545112
1972,6605.832726545112
1973,4645.410448154582
1974,4645.410448154582
1975,6605.832726545112
1976,4645.410448154582
1977,6605.832726545112
1978,980.3529165766129
1979,9061.928915826227
1980,4645.410448154582
1981,9061.928915826227
1982,980.3529165766129
1983,6605.832726545112
1984,6605.832726545112
1985,980.3529165766129
1986,6605.832726545112
1987,980.3529165766129
1988,9061.928915826227
1989,6605.832726545112
1990,4645.410448154582
1991,980.3529165766129
1992,6605.832726545112
1993,4645.410448154582
1994,6605.832726545112
1995,9061.928915826227
1996,6605.832726545112
1997,9061.928915826227
1998,6605.832726545112
1999,980.3529165766129
2000,4645.410448154582
2001,980.3529165766129
2002,4645.410448154582
2003,6605.832726545112
2004,9061.928915826227
2005,4645.410448154582
2006,9061.928915826227
2007,6605.832726545112
2008,980.3529165766129
2009,980.3529165766129
2010,4645.410448154582
2011,4645.410448154582
2012,6605.832726545112
2013,980.3529165766129
2014,980.3529165766129
2015,980.3529165766129
2016,9061.928915826227
2017,4645.410448154582
2018,980.3529165766129
2019,980.3529165766129
2020,9061.928915826227
2021,4645.410448154582
2022,6605.832726545112
2023,4645.410448154582
2024,9061.928915826227
2025,4645.410448154582
2026,980.3529165766129
2027,9061.928915826227
2028,4645.410448154582
2029,4645.410448154582
2030,4645.410448154582
2031,9061.928915826227
2032,6605.832726545112
2033,6605.832726545112
2034,980.3529165766129
2035,4645.410448154582
2036,6605.832726545112
2037,4645.410448154582
2038,6605.832726545112
2039,6605.832726545112
2040,9061.928915826227
2041,6605.832726545112
2042,980.3529165766129
2043,980.3529165766129
2044,6605.832726545112
2045,6605.832726545112
2046,4645.410448154582
2047,6605.832726545112
2048,4645.410448154582
2049,980.3529165766129
2050,980.3529165766129
2051,4645.410448154582
2052,9061.928915826227
2053,4645.410448154582
2054,6605.832726545112
2055,980.3529165766129
2056,9061.928915826227
2057,6605.832726545112
2058,6605.832726545112
2059,4645.410448154582
2060,4645.410448154582
2061,4645.410448154582
2062,980.3529165766129
2063,980.3529165766129
2064,6605.832726545112
2065,6605.832726545112
2066,6605.832726545112
2067,4645.410448154582
2068,980.3529165766129
2069,9061.928915826227
2070,6605.832726545112
2071,4645.410448154582
2072,6605.832726545112
2073,9061.928915826227
2074,6605.832726545112
2075,6605.832726545112
2076,980.3529165766129
2077,6605.832726545112
2078,4645.410448154582
2079,9061.928915826227
2080,9061.928915826227
2081,9061.928915826227
2082,6605.832726545112
2083,6605.832726545112
2084,6605.832726545112
2085,6605.832726545112
2086,6605.832726545112
2087,980.3529165766129
2088,980.3529165766129
2089,6605.832726545112
2090,9061.928915826227
2091,980.3529165766129
2092,6605.832726545112
2093,980.3529165766129
2094,9061.928915826227
2095,6605.832726545112
2096,4645.410448154582
2097,4645.410448154582
2098,4645.410448154582
2099,980.3529165766129
2100,980.3529165766129
2101,4645.410448154582
2102,980.3529165766129
2103,6605.832726545112
2104,9061.928915826227
2105,6605.832726545112
2106,4645.410448154582
2107,6605.832726545112
2108,9061.928915826227
2109,9061.928915826227
2110,6605.832726545112
2111,9061.928915826227
2112,980.3529165766129
2113,4645.410448154582
2114,9061.928915826227
2115,9061.928915826227
2116,9061.928915826227
2117,4645.410448154582
2118,980.3529165766129
2119,4645.410448154582
2120,6605.832726545112
2121,980.3529165766129
2122,4645.410448154582
2123,980.3529165766129
2124,6605.832726545112
2125,980.3529165766129
2126,980.3529165766129
2127,6605.832726545112
2128,6605.832726545112
2129,6605.832726545112
2130,6605.832726545112
2131,4645.410448154582
2132,6605.832726545112
2133,4645.410448154582
2134,6605.832726545112
2135,980.3529165766129
2136,980.3529165766129
2137,4645.410448154582
2138,9061.928915826227
2139,9061.928915826227
2140,4645.410448154582
2141,6605.832726545112
2142,6605.832726545112
2143,6605.832726545112
2144,980.3529165766129
2145,9061.928915826227
2146,6605.832726545112
2147,4645.410448154582
2148,980.3529165766129
2149,6605.832726545112
2150,6605.832726545112
2151,6605.832726545112
2152,6605.832726545112
2153,980.3529165766129
2154,980.3529165766129
2155,4645.410448154582
2156,4645.410448154582
2157,980.3529165766129
2158,4645.410448154582
2159,6605.832726545112
2160,9061.928915826227
2161,9061.928915826227
2162,4645.410448154582
2163,6605.832726545112
2164,6605.832726545112
2165,6605.832726545112
2166,980.3529165766129
2167,6605.832726545112
2168,9061.928915826227
2169,6605.832726545112
2170,6605.832726545112
2171,980.3529165766129
2172,6605.832726545112
2173,980.3529165766129
2174,4645.410448154582
2175,4645.410448154582
2176,4645.410448154582
2177,6605.832726545112
2178,6605.832726545112
2179,980.3529165766129
2180,6605.832726545112
2181,980.3529165766129
2182,980.3529165766129
2183,4645.410448154582
2184,980.3529165766129
2185,6605.832726545112
2186,9061.928915826227
2187,980.3529165766129
2188,9061.928915826227
2189,9061.928915826227
2190,6605.832726545112
2191,6605.832726545112
2192,980.3529165766129
2193,4645.410448154582
2194,980.3529165766129
2195,4645.410448154582
2196,4645.410448154582
2197,4645.410448154582
2198,4645.410448154582
2199,4645.410448154582
2200,9061.928915826227
2201,6605.832726545112
2202,6605.832726545112
2203,4645.410448154582
2204,6605.832726545112
2205,980.3529165766129
2206,6605.832726545112
2207,6605.832726545112
2208,9061.928915826227
2209,4645.410448154582
2210,6605.832726545112
2211,980.3529165766129
2212,9061.928915826227
2213,6605.832726545112
2214,9061.928915826227
2215,980.3529165766129
2216,6605.832726545112
2217,9061.928915826227
2218,980.3529165766129
2219,4645.410448154582
2220,980.3529165766129
2221,4645.410448154582
2222,980.3529165766129
2223,6605.832726545112
2224,4645.410448154582
2225,6605.832726545112
2226,6605.832726545112
2227,980.3529165766129
2228,980.3529165766129
2229,6605.832726545112
2230,6605.832726545112
2231,4645.410448154582
2232,9061.928915826227
2233,6605.832726545112
2234,6605.832726545112
2235,980.3529165766129
2236,6605.832726545112
2237,6605.832726545112
2238,9061.928915826227
2239,4645.410448154582
2240,6605.832726545112
2241,6605.832726545112
2242,6605.832726545112
2243,6605.832726545112
2244,4645.410448154582
2245,6605.832726545112
2246,6605.832726545112
2247,4645.410448154582
2248,4645.410448154582
2249,980.3529165766129
2250,9061.928915826227
2251,980.3529165766129
2252,4645.410448154582
2253,980.3529165766129
2254,9061.928915826227
2255,4645.410448154582
2256,4645.410448154582
2257,9061.928915826227
2258,6605.832726545112
2259,980.3529165766129
2260,6605.832726545112
2261,4645.410448154582
2262,6605.832726545112
2263,4645.410448154582
2264,980.3529165766129
2265,4645.410448154582
2266,4645.410448154582
2267,6605.832726545112
2268,9061.928915826227
2269,6605.832726545112
2270,6605.832726545112
2271,6605.832726545112
2272,4645.410448154582
2273,6605.832726545112
2274,4645.410448154582
2275,6605.832726545112
2276,6605.832726545112
2277,4645.410448154582
2278,4645.410448154582
2279,4645.410448154582
2280,9061.928915826227
2281,9061.928915826227
2282,4645.410448154582
2283,9061.928915826227
2284,6605.832726545112
2285,4645.410448154582
2286,4645.410448154582
2287,980.3529165766129
2288,6605.832726545112
2289,6605.832726545112
2290,6605.832726545112
2291,6605.832726545112
2292,6605.832726545112
2293,6605.832726545112
2294,980.3529165766129
2295,9061.928915826227
2296,6605.832726545112
2297,6605.832726545112
2298,980.3529165766129
2299,4645.410448154582
2300,9061.928915826227
2301,6605.832726545112
2302,6605.832726545112
2303,6605.832726545112
2304,4645.410448154582
2305,6605.832726545112
2306,4645.410448154582
2307,4645.410448154582
2308,6605.832726545112
2309,9061.928915826227
2310,6605.832726545112
2311,4645.410448154582
2312,6605.832726545112
2313,980.3529165766129
2314,980.3529165766129
2315,6605.832726545112
2316,9061.928915826227
2317,4645.410448154582
2318,980.3529165766129
2319,6605.832726545112
2320,6605.832726545112
2321,6605.832726545112
2322,9061.928915826227
2323,6605.832726545112
2324,4645.410448154582
2325,4645.410448154582
2326,980.3529165766129
2327,6605.832726545112
2328,6605.832726545112
2329,980.3529165766129
2330,6605.832726545112
2331,6605.832726545112
2332,6605.832726545112
2333,4645.410448154582
2334,6605.832726545112
2335,980.3529165766129
2336,6605.832726545112
2337,6605.832726545112
2338,4645.410448154582
2339,6605.832726545112
2340,6605.832726545112
2341,6605.832726545112
2342,6605.832726545112
2343,9061.928915826227
2344,6605.832726545112
2345,6605.832726545112
2346,9061.928915826227
2347,980.3529165766129
2348,4645.410448154582
2349,4645.410448154582
2350,6605.832726545112
2351,6605.832726545112
2352,6605.832726545112
2353,980.3529165766129
2354,9061.928915826227
2355,6605.832726545112
2356,4645.410448154582
2357,6605.832726545112
2358,9061.928915826227
2359,6605.832726545112
2360,9061.928915826227
2361,4645.410448154582
2362,6605.832726545112
2363,4645.410448154582
2364,9061.928915826227
2365,6605.832726545112
2366,4645.410448154582
2367,9061.928915826227
2368,980.3529165766129
2369,9061.928915826227
2370,980.3529165766129
2371,6605.832726545112
2372,4645.410448154582
2373,6605.832726545112
2374,980.3529165766129
2375,4645.410448154582
2376,9061.928915826227
2377,6605.832726545112
2378,6605.832726545112
2379,4645.410448154582
2380,6605.832726545112
2381,6605.832726545112
2382,980.3529165766129
2383,6605.832726545112
2384,4645.410448154582
2385,6605.832726545112
2386,4645.410448154582
2387,6605.832726545112
2388,4645.410448154582
2389,4645.410448154582
2390,980.3529165766129
2391,6605.832726545112
2392,9061.928915826227
2393,4645.410448154582
2394,980.3529165766129
2395,6605.832726545112
2396,4645.410448154582
2397,9061.928915826227
2398,6605.832726545112
2399,980.3529165766129
2400,6605.832726545112
2401,9061.928915826227
2402,6605.832726545112
2403,6605.832726545112
2404,6605.832726545112
2405,6605.832726545112
2406,4645.410448154582
2407,6605.832726545112
2408,4645.410448154582
2409,6605.832726545112
2410,6605.832726545112
2411,4645.410448154582
2412,6605.832726545112
2413,6605.832726545112
2414,9061.928915826227
2415,6605.832726545112
2416,6605.832726545112
2417,9061.928915826227
2418,980.3529165766129
2419,980.3529165766129
2420,980.3529165766129
2421,9061.928915826227
2422,4645.410448154582
2423,4645.410448154582
2424,6605.832726545112
2425,6605.832726545112
2426,6605.832726545112
2427,6605.832726545112
2428,6605.832726545112
2429,6605.832726545112
2430,4645.410448154582
2431,980.3529165766129
2432,980.3529165766129
2433,9061.928915826227
2434,6605.832726545112
2435,6605.832726545112
2436,6605.832726545112
2437,980.3529165766129
2438,9061.928915826227
2439,4645.410448154582
2440,9061.928915826227
2441,6605.832726545112
2442,9061.928915826227
2443,4645.410448154582
2444,6605.832726545112
2445,6605.832726545112
2446,4645.410448154582
2447,6605.832726545112
2448,980.3529165766129
2449,9061.928915826227
2450,6605.832726545112
2451,4645.410448154582
2452,6605.832726545112
2453,980.3529165766129
2454,980.3529165766129
2455,6605.832726545112
2456,4645.410448154582
2457,6605.832726545112
2458,6605.832726545112
2459,9061.928915826227
2460,4645.410448154582
2461,4645.410448154582
2462,4645.410448154582
2463,980.3529165766129
2464,6605.832726545112
2465,6605.832726545112
2466,4645.410448154582
2467,9061.928915826227
2468,6605.832726545112
2469,4645.410448154582
2470,4645.410448154582
2471,6605.832726545112
2472,4645.410448154582
2473,6605.832726545112
2474,9061.928915826227
2475,6605.832726545112
2476,6605.832726545112
2477,980.3529165766129
2478,9061.928915826227
2479,9061.928915826227
2480,4645.410448154582
2481,980.3529165766129
2482,6605.832726545112
2483,9061.928915826227
2484,4645.410448154582
2485,6605.832726545112
2486,980.3529165766129
2487,4645.410448154582
2488,6605.832726545112
2489,6605.832726545112
2490,6605.832726545112
2491,980.3529165766129
2492,4645.410448154582
2493,4645.410448154582
2494,6605.832726545112
2495,980.3529165766129
2496,6605.832726545112
2497,4645.410448154582
2498,980.3529165766129
2499,6605.832726545112
2500,980.3529165766129
2501,9061.928915826227
2502,980.3529165766129
2503,4645.410448154582
2504,4645.410448154582
2505,980.3529165766129
2506,9061.928915826227
2507,9061.928915826227
2508,6605.832726545112
2509,980.3529165766129
2510,9061.928915826227
2511,6605.832726545112
2512,6605.832726545112
2513,980.3529165766129
2514,980.3529165766129
2515,980.3529165766129
2516,9061.928915826227
2517,4645.410448154582
2518,6605.832726545112
2519,9061.928915826227
2520,4645.410448154582
2521,6605.832726545112
2522,6605.832726545112
2523,9061.928915826227
2524,980.3529165766129
2525,6605.832726545112
2526,9061.928915826227
2527,4645.410448154582
2528,980.3529165766129
2529,6605.832726545112
2530,6605.832726545112
2531,6605.832726545112
2532,6605.832726545112
2533,6605.832726545112
2534,980.3529165766129
2535,980.3529165766129
2536,980.3529165766129
2537,4645.410448154582
2538,6605.832726545112
2539,4645.410448154582
2540,980.3529165766129
2541,4645.410448154582
2542,6605.832726545112
2543,6605.832726545112
2544,980.3529165766129
2545,6605.832726545112
2546,6605.832726545112
2547,980.3529165766129
2548,6605.832726545112
2549,4645.410448154582
2550,4645.410448154582
2551,980.3529165766129
2552,980.3529165766129
2553,4645.410448154582
2554,9061.928915826227
2555,6605.832726545112
2556,9061.928915826227
2557,6605.832726545112
2558,980.3529165766129
2559,6605.832726545112
2560,6605.832726545112
2561,6605.832726545112
2562,6605.832726545112
2563,4645.410448154582
2564,4645.410448154582
2565,980.3529165766129
2566,9061.928915826227
2567,4645.410448154582
2568,6605.832726545112
2569,4645.410448154582
2570,4645.410448154582
2571,9061.928915826227
2572,6605.832726545112
2573,4645.410448154582
2574,9061.928915826227
2575,4645.410448154582
2576,6605.832726545112
2577,980.3529165766129
2578,6605.832726545112
2579,9061.928915826227
2580,6605.832726545112
2581,6605.832726545112
2582,980.3529165766129
2583,9061.928915826227
2584,9061.928915826227
2585,4645.410448154582
2586,6605.832726545112
2587,4645.410448154582
2588,980.3529165766129
2589,4645.410448154582
2590,6605.832726545112
2591,4645.410448154582
2592,980.3529165766129
2593,9061.928915826227
2594,9061.928915826227
2595,9061.928915826227
2596,9061.928915826227
2597,6605.832726545112
2598,980.3529165766129
2599,6605.832726545112
2600,4645.410448154582
2601,980.3529165766129
2602,980.3529165766129
2603,4645.410448154582
2604,6605.832726545112
2605,9061.928915826227
2606,4645.410448154582
2607,6605.832726545112
2608,6605.832726545112
2609,6605.832726545112
2610,4645.410448154582
2611,9061.928915826227
2612,6605.832726545112
2613,4645.410448154582
2614,980.3529165766129
2615,6605.832726545112
2616,6605.832726545112
2617,6605.832726545112
2618,4645.410448154582
2619,6605.832726545112
2620,6605.832726545112
2621,980.3529165766129
2622,6605.832726545112
2623,980.3529165766129
2624,4645.410448154582
2625,4645.410448154582
2626,6605.832726545112
2627,6605.832726545112
2628,6605.832726545112
2629,9061.928915826227
2630,6605.832726545112
2631,6605.832726545112
2632,4645.410448154582
2633,4645.410448154582
2634,4645.410448154582
2635,6605.832726545112
2636,6605.832726545112
2637,6605.832726545112
2638,980.3529165766129
2639,9061.928915826227
2640,6605.832726545112
2641,980.3529165766129
2642,6605.832726545112
2643,6605.832726545112
2644,6605.832726545112
2645,4645.410448154582
2646,6605.832726545112
2647,4645.410448154582
2648,6605.832726545112
2649,980.3529165766129
2650,9061.928915826227
2651,6605.832726545112
2652,4645.410448154582
2653,980.3529165766129
2654,6605.832726545112
2655,4645.410448154582
2656,6605.832726545112
2657,6605.832726545112
2658,6605.832726545112
2659,6605.832726545112
2660,4645.410448154582
2661,6605.832726545112
2662,4645.410448154582
2663,6605.832726545112
2664,980.3529165766129
2665,6605.832726545112
2666,980.3529165766129
2667,6605.832726545112
2668,980.3529165766129
2669,9061.928915826227
2670,4645.410448154582
2671,6605.832726545112
2672,4645.410448154582
2673,6605.832726545112
2674,9061.928915826227
2675,6605.832726545112
2676,4645.410448154582
2677,9061.928915826227
2678,9061.928915826227
2679,4645.410448154582
2680,4645.410448154582
2681,4645.410448154582
2682,6605.832726545112
2683,6605.832726545112
2684,4645.410448154582
2685,6605.832726545112
2686,6605.832726545112
2687,4645.410448154582
2688,6605.832726545112
2689,6605.832726545112
2690,4645.410448154582
2691,4645.410448154582
2692,980.3529165766129
2693,980.3529165766129
2694,4645.410448154582
2695,9061.928915826227
2696,980.3529165766129
2697,6605.832726545112
2698,6605.832726545112
2699,980.3529165766129
2700,9061.928915826227
2701,4645.410448154582
2702,6605.832726545112
2703,4645.410448154582
2704,9061.928915826227
2705,6605.832726545112
2706,9061.928915826227
2707,4645.410448154582
2708,980.3529165766129
2709,6605.832726545112
2710,4645.410448154582
2711,6605.832726545112
2712,9061.928915826227
2713,9061.928915826227
2714,6605.832726545112
2715,980.3529165766129
2716,4645.410448154582
2717,980.3529165766129
2718,6605.832726545112
2719,6605.832726545112
2720,980.3529165766129
2721,980.3529165766129
2722,6605.832726545112
2723,6605.832726545112
2724,4645.410448154582
2725,4645.410448154582
2726,6605.832726545112
2727,4645.410448154582
2728,4645.410448154582
2729,4645.410448154582
2730,6605.832726545112
2731,6605.832726545112
2732,6605.832726545112
2733,4645.410448154582
2734,9061.928915826227
2735,4645.410448154582
2736,980.3529165766129
2737,6605.832726545112
2738,6605.832726545112
2739,980.3529165766129
2740,6605.832726545112
2741,6605.832726545112
2742,980.3529165766129
2743,980.3529165766129
2744,4645.410448154582
2745,980.3529165766129
2746,4645.410448154582
2747,6605.832726545112
2748,6605.832726545112
2749,6605.832726545112
2750,4645.410448154582
2751,980.3529165766129
2752,6605.832726545112
2753,4645.410448154582
2754,980.3529165766129
2755,6605.832726545112
2756,9061.928915826227
2757,4645.410448154582
2758,4645.410448154582
2759,6605.832726545112
2760,6605.832726545112
2761,6605.832726545112
2762,980.3529165766129
2763,9061.928915826227
2764,6605.832726545112
2765,6605.832726545112
2766,4645.410448154582
2767,6605.832726545112
2768,4645.410448154582
2769,4645.410448154582
2770,6605.832726545112
2771,980.3529165766129
2772,6605.832726545112
2773,980.3529165766129
2774,4645.410448154582
2775,980.3529165766129
2776,6605.832726545112
2777,4645.410448154582
2778,6605.832726545112
2779,980.3529165766129
2780,4645.410448154582
2781,980.3529165766129
2782,6605.832726545112
2783,6605.832726545112
2784,6605.832726545112
2785,4645.410448154582
2786,4645.410448154582
2787,980.3529165766129
2788,980.3529165766129
2789,6605.832726545112
2790,6605.832726545112
2791,980.3529165766129
2792,6605.832726545112
2793,4645.410448154582
2794,6605.832726545112
2795,4645.410448154582
2796,980.3529165766129
2797,6605.832726545112
2798,4645.410448154582
2799,980.3529165766129
2800,6605.832726545112
2801,980.3529165766129
2802,9061.928915826227
2803,6605.832726545112
2804,4645.410448154582
2805,9061.928915826227
2806,980.3529165766129
2807,4645.410448154582
2808,6605.832726545112
2809,6605.832726545112
2810,980.3529165766129
2811,980.3529165766129
2812,4645.410448154582
2813,6605.832726545112
2814,9061.928915826227
2815,6605.832726545112
2816,6605.832726545112
2817,4645.410448154582
2818,980.3529165766129
2819,9061.928915826227
2820,6605.832726545112
2821,980.3529165766129
2822,4645.410448154582
2823,6605.832726545112
2824,6605.832726545112
2825,9061.928915826227
2826,6605.832726545112
2827,980.3529165766129
2828,6605.832726545112
2829,980.3529165766129
2830,980.3529165766129
2831,4645.410448154582
2832,9061.928915826227
2833,980.3529165766129
2834,980.3529165766129
2835,4645.410448154582
2836,980.3529165766129
2837,980.3529165766129
2838,6605.832726545112
2839,980.3529165766129
2840,9061.928915826227
2841,6605.832726545112
2842,980.3529165766129
2843,6605.832726545112
2844,980.3529165766129
2845,6605.832726545112
2846,980.3529165766129
2847,6605.832726545112
2848,9061.928915826227
2849,4645.410448154582
2850,6605.832726545112
2851,6605.832726545112
2852,9061.928915826227
2853,6605.832726545112
2854,4645.410448154582
2855,9061.928915826227
2856,9061.928915826227
2857,4645.410448154582
2858,4645.410448154582
2859,6605.832726545112
2860,6605.832726545112
2861,9061.928915826227
2862,4645.410448154582
2863,4645.410448154582
2864,6605.832726545112
2865,6605.832726545112
2866,980.3529165766129
2867,4645.410448154582
2868,4645.410448154582
2869,980.3529165766129
2870,9061.928915826227
2871,980.3529165766129
2872,4645.410448154582
2873,9061.928915826227
2874,9061.928915826227
2875,6605.832726545112
2876,6605.832726545112
2877,6605.832726545112
2878,980.3529165766129
2879,6605.832726545112
2880,980.3529165766129
2881,4645.410448154582
2882,6605.832726545112
2883,6605.832726545112
2884,980.3529165766129
2885,9061.928915826227
2886,980.3529165766129
2887,6605.832726545112
2888,980.3529165766129
2889,4645.410448154582
2890,6605.832726545112
2891,6605.832726545112
2892,6605.832726545112
2893,6605.832726545112
2894,6605.832726545112
2895,9061.928915826227
2896,980.3529165766129
2897,4645.410448154582
2898,4645.410448154582
2899,4645.410448154582
2900,9061.928915826227
2901,6605.832726545112
2902,4645.410448154582
2903,980.3529165766129
2904,9061.928915826227
2905,4645.410448154582
2906,6605.832726545112
2907,4645.410448154582
2908,980.3529165766129
2909,6605.832726545112
2910,9061.928915826227
2911,6605.832726545112
2912,980.3529165766129
2913,980.3529165766129
2914,6605.832726545112
2915,4645.410448154582
2916,980.3529165766129
2917,4645.410448154582
2918,6605.832726545112
2919,9061.928915826227
2920,6605.832726545112
2921,4645.410448154582
2922,6605.832726545112
2923,980.3529165766129
2924,6605.832726545112
2925,980.3529165766129
2926,9061.928915826227
2927,6605.832726545112
2928,6605.832726545112
2929,6605.832726545112
2930,4645.410448154582
2931,4645.410448154582
2932,4645.410448154582
2933,4645.410448154582
2934,9061.928915826227
2935,9061.928915826227
2936,9061.928915826227
2937,6605.832726545112
2938,4645.410448154582
2939,9061.928915826227
2940,6605.832726545112
2941,4645.410448154582
2942,6605.832726545112
2943,6605.832726545112
2944,9061.928915826227
2945,980.3529165766129
2946,4645.410448154582
2947,980.3529165766129
2948,9061.928915826227
2949,9061.928915826227
2950,6605.832726545112
2951,4645.410448154582
2952,980.3529165766129
2953,4645.410448154582
2954,6605.832726545112
2955,6605.832726545112
2956,4645.410448154582
2957,4645.410448154582
2958,6605.832726545112
2959,4645.410448154582
2960,6605.832726545112
2961,6605.832726545112
2962,980.3529165766129
2963,4645.410448154582
2964,6605.832726545112
2965,6605.832726545112
2966,4645.410448154582
2967,4645.410448154582
2968,9061.928915826227
2969,4645.410448154582
2970,4645.410448154582
2971,980.3529165766129
2972,9061.928915826227
2973,980.3529165766129
2974,4645.410448154582
2975,6605.832726545112
2976,6605.832726545112
2977,4645.410448154582
2978,6605.832726545112
2979,980.3529165766129
2980,980.3529165766129
2981,4645.410448154582
2982,9061.928915826227
2983,6605.832726545112
2984,6605.832726545112
2985,980.3529165766129
2986,9061.928915826227
2987,6605.832726545112
2988,980.3529165766129
2989,9061.928915826227
2990,9061.928915826227
2991,980.3529165766129
2992,4645.410448154582
2993,6605.832726545112
2994,6605.832726545112
2995,9061.928915826227
2996,6605.832726545112
2997,6605.832726545112
2998,980.3529165766129
2999,6605.832726545112
3000,6605.832726545112
3001,4645.410448154582
3002,6605.832726545112
3003,4645.410448154582
3004,980.3529165766129
3005,980.3529165766129
3006,6605.832726545112
3007,4645.410448154582
3008,6605.832726545112
3009,6605.832726545112
3010,6605.832726545112
3011,6605.832726545112
3012,6605.832726545112
3013,9061.928915826227
3014,9061.928915826227
3015,4645.410448154582
3016,6605.832726545112
3017,6605.832726545112
3018,4645.410448154582
3019,6605.832726545112
3020,4645.410448154582
3021,980.3529165766129
3022,4645.410448154582
3023,6605.832726545112
3024,6605.832726545112
3025,980.3529165766129
3026,980.3529165766129
3027,9061.928915826227
3028,6605.832726545112
3029,6605.832726545112
3030,9061.928915826227
3031,9061.928915826227
3032,6605.832726545112
3033,980.3529165766129
3034,6605.832726545112
3035,4645.410448154582
3036,9061.928915826227
3037,980.3529165766129
3038,980.3529165766129
3039,980.3529165766129
3040,4645.410448154582
3041,6605.832726545112
3042,6605.832726545112
3043,4645.410448154582
3044,6605.832726545112
3045,980.3529165766129
3046,4645.410448154582
3047,6605.832726545112
3048,9061.928915826227
3049,6605.832726545112
3050,6605.832726545112
3051,4645.410448154582
3052,6605.832726545112
3053,4645.410448154582
3054,980.3529165766129
3055,4645.410448154582
3056,6605.832726545112
3057,4645.410448154582
3058,4645.410448154582
3059,9061.928915826227
3060,6605.832726545112
3061,9061.928915826227
3062,4645.410448154582
3063,4645.410448154582
3064,6605.832726545112
3065,9061.928915826227
3066,4645.410448154582
3067,980.3529165766129
3068,6605.832726545112
3069,9061.928915826227
3070,4645.410448154582
3071,980.3529165766129
3072,4645.410448154582
3073,9061.928915826227
3074,6605.832726545112
3075,4645.410448154582
3076,6605.832726545112
3077,980.3529165766129
3078,4645.410448154582
3079,980.3529165766129
3080,6605.832726545112
3081,4645.410448154582
3082,6605.832726545112
3083,980.3529165766129
3084,6605.832726545112
3085,980.3529165766129
3086,980.3529165766129
3087,9061.928915826227
3088,6605.832726545112
3089,6605.832726545112
3090,4645.410448154582
3091,9061.928915826227
3092,4645.410448154582
3093,980.3529165766129
3094,9061.928915826227
3095,4645.410448154582
3096,4645.410448154582
3097,980.3529165766129
3098,6605.832726545112
3099,6605.832726545112
3100,980.3529165766129
3101,9061.928915826227
3102,6605.832726545112
3103,980.3529165766129
3104,980.3529165766129
3105,4645.410448154582
3106,6605.832726545112
3107,6605.832726545112
3108,6605.832726545112
3109,9061.928915826227
3110,4645.410448154582
3111,980.3529165766129
3112,6605.832726545112
3113,6605.832726545112
3114,9061.928915826227
3115,6605.832726545112
3116,6605.832726545112
3117,6605.832726545112
3118,4645.410448154582
3119,980.3529165766129
3120,4645.410448154582
3121,9061.928915826227
3122,9061.928915826227
3123,980.3529165766129
3124,6605.832726545112
3125,6605.832726545112
3126,9061.928915826227
3127,6605.832726545112
3128,980.3529165766129
3129,6605.832726545112
3130,6605.832726545112
3131,6605.832726545112
3132,6605.832726545112
3133,9061.928915826227
3134,980.3529165766129
3135,6605.832726545112
3136,6605.832726545112
3137,4645.410448154582
3138,6605.832726545112
3139,980.3529165766129
3140,4645.410448154582
3141,6605.832726545112
3142,980.3529165766129
3143,6605.832726545112
3144,4645.410448154582
3145,9061.928915826227
3146,9061.928915826227
3147,980.3529165766129
3148,6605.832726545112
3149,980.3529165766129
3150,6605.832726545112
3151,9061.928915826227
3152,6605.832726545112
3153,4645.410448154582
3154,6605.832726545112
3155,6605.832726545112
3156,4645.410448154582
3157,6605.832726545112
3158,6605.832726545112
3159,4645.410448154582
3160,6605.832726545112
3161,6605.832726545112
3162,4645.410448154582
3163,9061.928915826227
3164,6605.832726545112
3165,6605.832726545112
3166,9061.928915826227
3167,4645.410448154582
3168,6605.832726545112
3169,9061.928915826227
3170,980.3529165766129
3171,6605.832726545112
3172,6605.832726545112
3173,6605.832726545112
3174,4645.410448154582
3175,6605.832726545112
3176,6605.832726545112
3177,6605.832726545112
3178,6605.832726545112
3179,6605.832726545112
3180,6605.832726545112
3181,9061.928915826227
3182,980.3529165766129
3183,980.3529165766129
3184,4645.410448154582
3185,980.3529165766129
3186,4645.410448154582
3187,980.3529165766129
3188,4645.410448154582
3189,6605.832726545112
3190,980.3529165766129
3191,6605.832726545112
3192,6605.832726545112
3193,9061.928915826227
3194,980.3529165766129
3195,9061.928915826227
3196,9061.928915826227
3197,6605.832726545112
3198,9061.928915826227
3199,9061.928915826227
3200,6605.832726545112
3201,980.3529165766129
3202,9061.928915826227
3203,4645.410448154582
3204,6605.832726545112
3205,980.3529165766129
3206,4645.410448154582
3207,6605.832726545112
3208,6605.832726545112
3209,4645.410448154582
3210,6605.832726545112
3211,6605.832726545112
3212,9061.928915826227
3213,9061.928915826227
3214,9061.928915826227
3215,9061.928915826227
3216,6605.832726545112
3217,6605.832726545112
3218,4645.410448154582
3219,6605.832726545112
3220,980.3529165766129
3221,6605.832726545112
3222,4645.410448154582
3223,6605.832726545112
3224,9061.928915826227
3225,4645.410448154582
3226,9061.928915826227
3227,6605.832726545112
3228,4645.410448154582
3229,9061.928915826227
3230,6605.832726545112
3231,4645.410448154582
3232,4645.410448154582
3233,6605.832726545112
3234,4645.410448154582
3235,6605.832726545112
3236,9061.928915826227
3237,6605.832726545112
3238,6605.832726545112
3239,980.3529165766129
3240,980.3529165766129
3241,9061.928915826227
3242,9061.928915826227
3243,4645.410448154582
3244,980.3529165766129
3245,6605.832726545112
3246,6605.832726545112
3247,9061.928915826227
3248,4645.410448154582
3249,6605.832726545112
3250,6605.832726545112
3251,4645.410448154582
3252,4645.410448154582
3253,6605.832726545112
3254,6605.832726545112
3255,6605.832726545112
3256,6605.832726545112
3257,980.3529165766129
3258,4645.410448154582
3259,980.3529165766129
3260,6605.832726545112
3261,6605.832726545112
3262,4645.410448154582
3263,4645.410448154582
3264,980.3529165766129
3265,980.3529165766129
3266,9061.928915826227
3267,980.3529165766129
3268,4645.410448154582
3269,4645.410448154582
3270,980.3529165766129
3271,9061.928915826227
3272,9061.928915826227
3273,6605.832726545112
3274,980.3529165766129
3275,9061.928915826227
3276,6605.832726545112
3277,6605.832726545112
3278,980.3529165766129
3279,980.3529165766129
3280,9061.928915826227
3281,4645.410448154582
3282,6605.832726545112
3283,9061.928915826227
3284,4645.410448154582
3285,4645.410448154582
3286,6605.832726545112
3287,9061.928915826227
3288,980.3529165766129
3289,9061.928915826227
3290,980.3529165766129
3291,6605.832726545112
3292,9061.928915826227
3293,4645.410448154582
3294,6605.832726545112
3295,6605.832726545112
3296,6605.832726545112
3297,980.3529165766129
3298,980.3529165766129
3299,980.3529165766129
3300,4645.410448154582
3301,6605.832726545112
3302,4645.410448154582
3303,980.3529165766129
3304,980.3529165766129
3305,6605.832726545112
3306,6605.832726545112
3307,980.3529165766129
3308,6605.832726545112
3309,4645.410448154582
3310,980.3529165766129
3311,9061.928915826227
3312,980.3529165766129
3313,980.3529165766129
3314,980.3529165766129
3315,4645.410448154582
3316,9061.928915826227
3317,6605.832726545112
3318,9061.928915826227
3319,6605.832726545112
3320,980.3529165766129
3321,6605.832726545112
3322,6605.832726545112
3323,6605.832726545112
3324,4645.410448154582
3325,4645.410448154582
3326,980.3529165766129
3327,6605.832726545112
3328,6605.832726545112
3329,4645.410448154582
3330,9061.928915826227
3331,4645.410448154582
3332,9061.928915826227
3333,4645.410448154582
3334,980.3529165766129
3335,6605.832726545112
3336,9061.928915826227
3337,6605.832726545112
3338,4645.410448154582
3339,6605.832726545112
3340,9061.928915826227
3341,9061.928915826227
3342,980.3529165766129
3343,4645.410448154582
3344,6605.832726545112
3345,4645.410448154582
3346,4645.410448154582
3347,6605.832726545112
3348,4645.410448154582
3349,980.3529165766129
3350,980.3529165766129
3351,9061.928915826227
3352,9061.928915826227
3353,9061.928915826227
3354,6605.832726545112
3355,980.3529165766129
3356,6605.832726545112
3357,980.3529165766129
3358,4645.410448154582
3359,6605.832726545112
3360,6605.832726545112
3361,4645.410448154582
3362,6605.832726545112
3363,4645.410448154582
3364,9061.928915826227
3365,6605.832726545112
3366,4645.410448154582
3367,980.3529165766129
3368,4645.410448154582
3369,6605.832726545112
3370,980.3529165766129
3371,6605.832726545112
3372,4645.410448154582
3373,4645.410448154582
3374,6605.832726545112
3375,6605.832726545112
3376,6605.832726545112
3377,9061.928915826227
3378,6605.832726545112
3379,6605.832726545112
3380,4645.410448154582
3381,4645.410448154582
3382,4645.410448154582
3383,6605.832726545112
3384,6605.832726545112
3385,980.3529165766129
3386,9061.928915826227
3387,980.3529165766129
3388,6605.832726545112
3389,980.3529165766129
3390,6605.832726545112
3391,6605.832726545112
3392,6605.832726545112
3393,4645.410448154582
3394,6605.832726545112
3395,4645.410448154582
3396,9061.928915826227
3397,6605.832726545112
3398,980.3529165766129
3399,6605.832726545112
3400,6605.832726545112
3401,6605.832726545112
3402,6605.832726545112
3403,4645.410448154582
3404,6605.832726545112
3405,4645.410448154582
3406,6605.832726545112
3407,980.3529165766129
3408,6605.832726545112
3409,980.3529165766129
3410,980.3529165766129
3411,6605.832726545112
3412,980.3529165766129
3413,9061.928915826227
3414,4645.410448154582
3415,4645.410448154582
3416,6605.832726545112
3417,6605.832726545112
3418,4645.410448154582
3419,6605.832726545112
3420,9061.928915826227
3421,4645.410448154582
3422,4645.410448154582
3423,6605.832726545112
3424,6605.832726545112
3425,4645.410448154582
3426,6605.832726545112
3427,6605.832726545112
3428,4645.410448154582
3429,6605.832726545112
3430,4645.410448154582
3431,6605.832726545112
3432,4645.410448154582
3433,980.3529165766129
3434,4645.410448154582
3435,6605.832726545112
3436,980.3529165766129
3437,9061.928915826227
3438,4645.410448154582
3439,980.3529165766129
3440,4645.410448154582
3441,6605.832726545112
3442,9061.928915826227
3443,4645.410448154582
3444,6605.832726545112
3445,9061.928915826227
3446,9061.928915826227
3447,6605.832726545112
3448,4645.410448154582
3449,4645.410448154582
3450,980.3529165766129
3451,6605.832726545112
3452,980.3529165766129
3453,6605.832726545112
3454,980.3529165766129
3455,4645.410448154582
3456,6605.832726545112
3457,4645.410448154582
3458,4645.410448154582
3459,4645.410448154582
3460,6605.832726545112
3461,6605.832726545112
3462,4645.410448154582
3463,4645.410448154582
3464,980.3529165766129
3465,6605.832726545112
3466,6605.832726545112
3467,980.3529165766129
3468,6605.832726545112
3469,6605.832726545112
3470,980.3529165766129
3471,4645.410448154582
3472,980.3529165766129
3473,4645.410448154582
3474,4645.410448154582
3475,6605.832726545112
3476,6605.832726545112
3477,6605.832726545112
3478,980.3529165766129
3479,980.3529165766129
3480,6605.832726545112
3481,4645.410448154582
3482,980.3529165766129
3483,6605.832726545112
3484,6605.832726545112
3485,4645.410448154582
3486,4645.410448154582
3487,6605.832726545112
3488,6605.832726545112
3489,9061.928915826227
3490,980.3529165766129
3491,9061.928915826227
3492,6605.832726545112
3493,6605.832726545112
3494,4645.410448154582
3495,6605.832726545112
3496,980.3529165766129
3497,4645.410448154582
3498,6605.832726545112
3499,6605.832726545112
3500,6605.832726545112
3501,980.3529165766129
3502,980.3529165766129
3503,6605.832726545112
3504,6605.832726545112
3505,4645.410448154582
3506,6605.832726545112
3507,980.3529165766129
3508,6605.832726545112
3509,6605.832726545112
3510,6605.832726545112
3511,4645.410448154582
3512,4645.410448154582
3513,6605.832726545112
3514,980.3529165766129
3515,980.3529165766129
3516,6605.832726545112
3517,6605.832726545112
3518,4645.410448154582
3519,6605.832726545112
3520,4645.410448154582
3521,6605.832726545112
3522,4645.410448154582
3523,980.3529165766129
3524,6605.832726545112
3525,9061.928915826227
3526,9061.928915826227
3527,980.3529165766129
3528,4645.410448154582
3529,6605.832726545112
3530,6605.832726545112
3531,6605.832726545112
3532,980.3529165766129
3533,4645.410448154582
3534,6605.832726545112
3535,9061.928915826227
3536,6605.832726545112
3537,6605.832726545112
3538,980.3529165766129
3539,9061.928915826227
3540,6605.832726545112
3541,980.3529165766129
3542,6605.832726545112
3543,9061.928915826227
3544,6605.832726545112
3545,980.3529165766129
3546,6605.832726545112
3547,980.3529165766129
3548,980.3529165766129
3549,4645.410448154582
3550,9061.928915826227
3551,980.3529165766129
3552,6605.832726545112
3553,980.3529165766129
3554,6605.832726545112
3555,980.3529165766129
3556,6605.832726545112
3557,980.3529165766129
3558,6605.832726545112
3559,980.3529165766129
3560,6605.832726545112
3561,9061.928915826227
3562,4645.410448154582
3563,6605.832726545112
3564,6605.832726545112
3565,4645.410448154582
3566,6605.832726545112
3567,9061.928915826227
3568,6605.832726545112
3569,9061.928915826227
3570,6605.832726545112
3571,9061.928915826227
3572,4645.410448154582
3573,980.3529165766129
3574,6605.832726545112
3575,980.3529165766129
3576,980.3529165766129
3577,6605.832726545112
3578,6605.832726545112
3579,9061.928915826227
3580,6605.832726545112
3581,980.3529165766129
3582,4645.410448154582
3583,4645.410448154582
3584,980.3529165766129
3585,980.3529165766129
3586,4645.410448154582
3587,4645.410448154582
3588,9061.928915826227
3589,9061.928915826227
3590,6605.832726545112
3591,980.3529165766129
3592,6605.832726545112
3593,4645.410448154582
3594,6605.832726545112
3595,980.3529165766129
3596,9061.928915826227
3597,9061.928915826227
3598,980.3529165766129
3599,980.3529165766129
3600,4645.410448154582
3601,6605.832726545112
3602,9061.928915826227
3603,6605.832726545112
3604,6605.832726545112
3605,6605.832726545112
3606,9061.928915826227
3607,980.3529165766129
3608,9061.928915826227
3609,4645.410448154582
3610,9061.928915826227
3611,6605.832726545112
3612,9061.928915826227
3613,4645.410448154582
3614,980.3529165766129
3615,9061.928915826227
3616,4645.410448154582
3617,6605.832726545112
3618,4645.410448154582
3619,980.3529165766129
3620,6605.832726545112
3621,9061.928915826227
3622,6605.832726545112
3623,980.3529165766129
3624,980.3529165766129
3625,9061.928915826227
3626,6605.832726545112
3627,980.3529165766129
3628,4645.410448154582
3629,6605.832726545112
3630,6605.832726545112
3631,4645.410448154582
3632,6605.832726545112
3633,980.3529165766129
3634,6605.832726545112
3635,9061.928915826227
3636,6605.832726545112
3637,6605.832726545112
3638,6605.832726545112
3639,4645.410448154582
3640,980.3529165766129
3641,4645.410448154582
3642,4645.410448154582
3643,4645.410448154582
3644,9061.928915826227
3645,9061.928915826227
3646,9061.928915826227
3647,6605.832726545112
3648,4645.410448154582
3649,9061.928915826227
3650,6605.832726545112
3651,4645.410448154582
3652,6605.832726545112
3653,9061.928915826227
3654,9061.928915826227
3655,4645.410448154582
3656,980.3529165766129
3657,6605.832726545112
3658,9061.928915826227
3659,9061.928915826227
3660,4645.410448154582
3661,980.3529165766129
3662,6605.832726545112
3663,4645.410448154582
3664,6605.832726545112
3665,6605.832726545112
3666,6605.832726545112
3667,6605.832726545112
3668,6605.832726545112
3669,980.3529165766129
3670,4645.410448154582
3671,6605.832726545112
3672,6605.832726545112
3673,4645.410448154582
3674,4645.410448154582
3675,9061.928915826227
3676,9061.928915826227
3677,4645.410448154582
3678,4645.410448154582
3679,980.3529165766129
3680,9061.928915826227
3681,4645.410448154582
3682,6605.832726545112
3683,6605.832726545112
3684,4645.410448154582
3685,6605.832726545112
3686,6605.832726545112
3687,980.3529165766129
3688,9061.928915826227
3689,9061.928915826227
3690,6605.832726545112
3691,980.3529165766129
3692,980.3529165766129
3693,9061.928915826227
3694,4645.410448154582
3695,6605.832726545112
3696,6605.832726545112
3697,9061.928915826227
3698,980.3529165766129
3699,6605.832726545112
3700,6605.832726545112
3701,980.3529165766129
3702,980.3529165766129
3703,6605.832726545112
3704,4645.410448154582
3705,980.3529165766129
3706,6605.832726545112
3707,6605.832726545112
3708,980.3529165766129
3709,9061.928915826227
3710,9061.928915826227
3711,4645.410448154582
3712,9061.928915826227
3713,9061.928915826227
3714,980.3529165766129
3715,9061.928915826227
3716,9061.928915826227
3717,9061.928915826227
3718,4645.410448154582
3719,980.3529165766129
3720,6605.832726545112
3721,4645.410448154582
3722,980.3529165766129
3723,980.3529165766129
3724,6605.832726545112
3725,9061.928915826227
3726,980.3529165766129
3727,6605.832726545112
3728,6605.832726545112
3729,6605.832726545112
3730,9061.928915826227
3731,4645.410448154582
3732,4645.410448154582
3733,4645.410448154582
3734,6605.832726545112
3735,6605.832726545112
3736,6605.832726545112
3737,4645.410448154582
3738,980.3529165766129
3739,4645.410448154582
3740,9061.928915826227
3741,980.3529165766129
3742,6605.832726545112
3743,4645.410448154582
3744,4645.410448154582
3745,9061.928915826227
3746,9061.928915826227
3747,6605.832726545112
3748,9061.928915826227
3749,980.3529165766129
3750,9061.928915826227
3751,9061.928915826227
3752,9061.928915826227
3753,4645.410448154582
3754,4645.410448154582
3755,980.3529165766129
3756,6605.832726545112
3757,980.3529165766129
3758,980.3529165766129
3759,6605.832726545112
3760,6605.832726545112
3761,6605.832726545112
3762,6605.832726545112
3763,980.3529165766129
3764,9061.928915826227
3765,980.3529165766129
3766,6605.832726545112
3767,6605.832726545112
3768,980.3529165766129
3769,6605.832726545112
3770,9061.928915826227
3771,6605.832726545112
3772,4645.410448154582
3773,9061.928915826227
3774,6605.832726545112
3775,980.3529165766129
3776,6605.832726545112
3777,6605.832726545112
3778,6605.832726545112
3779,6605.832726545112
3780,6605.832726545112
3781,6605.832726545112
3782,4645.410448154582
3783,9061.928915826227
3784,9061.928915826227
3785,4645.410448154582
3786,6605.832726545112
3787,980.3529165766129
3788,4645.410448154582
3789,4645.410448154582
3790,980.3529165766129
3791,6605.832726545112
3792,980.3529165766129
3793,980.3529165766129
3794,6605.832726545112
3795,6605.832726545112
3796,4645.410448154582
3797,4645.410448154582
3798,4645.410448154582
3799,9061.928915826227
3800,9061.928915826227
3801,9061.928915826227
3802,980.3529165766129
3803,9061.928915826227
3804,6605.832726545112
3805,9061.928915826227
3806,6605.832726545112
3807,6605.832726545112
3808,4645.410448154582
3809,980.3529165766129
3810,4645.410448154582
3811,9061.928915826227
3812,6605.832726545112
3813,4645.410448154582
3814,4645.410448154582
3815,4645.410448154582
3816,980.3529165766129
3817,6605.832726545112
3818,6605.832726545112
3819,6605.832726545112
3820,980.3529165766129
3821,6605.832726545112
3822,980.3529165766129
3823,6605.832726545112
3824,9061.928915826227
3825,6605.832726545112
3826,6605.832726545112
3827,6605.832726545112
3828,9061.928915826227
3829,6605.832726545112
3830,980.3529165766129
3831,6605.832726545112
3832,980.3529165766129
3833,980.3529165766129
3834,980.3529165766129
3835,6605.832726545112
3836,980.3529165766129
3837,6605.832726545112
3838,980.3529165766129
3839,9061.928915826227
3840,9061.928915826227
3841,6605.832726545112
3842,4645.410448154582
3843,980.3529165766129
3844,9061.928915826227
3845,6605.832726545112
3846,980.3529165766129
3847,6605.832726545112
3848,9061.928915826227
3849,6605.832726545112
3850,980.3529165766129
3851,980.3529165766129
3852,4645.410448154582
3853,9061.928915826227
3854,980.3529165766129
3855,6605.832726545112
3856,980.3529165766129
3857,980.3529165766129
3858,4645.410448154582
3859,9061.928915826227
3860,980.3529165766129
3861,980.3529165766129
3862,980.3529165766129
3863,6605.832726545112
3864,9061.928915826227
3865,4645.410448154582
3866,980.3529165766129
3867,6605.832726545112
3868,6605.832726545112
3869,6605.832726545112
3870,6605.832726545112
3871,6605.832726545112
3872,6605.832726545112
3873,6605.832726545112
3874,6605.832726545112
3875,9061.928915826227
3876,980.3529165766129
3877,4645.410448154582
3878,6605.832726545112
3879,6605.832726545112
3880,4645.410448154582
3881,4645.410448154582
3882,4645.410448154582
3883,980.3529165766129
3884,980.3529165766129
3885,6605.832726545112
3886,6605.832726545112
3887,6605.832726545112
3888,980.3529165766129
3889,9061.928915826227
3890,9061.928915826227
3891,6605.832726545112
3892,4645.410448154582
3893,4645.410448154582
3894,6605.832726545112
3895,4645.410448154582
3896,9061.928915826227
3897,6605.832726545112
3898,980.3529165766129
3899,6605.832726545112
3900,9061.928915826227
3901,6605.832726545112
3902,980.3529165766129
3903,6605.832726545112
3904,6605.832726545112
3905,9061.928915826227
3906,9061.928915826227
3907,4645.410448154582
3908,6605.832726545112
3909,6605.832726545112
3910,980.3529165766129
3911,4645.410448154582
3912,4645.410448154582
3913,9061.928915826227
3914,980.3529165766129
3915,9061.928915826227
3916,9061.928915826227
3917,9061.928915826227
3918,4645.410448154582
3919,4645.410448154582
3920,980.3529165766129
3921,9061.928915826227
3922,980.3529165766129
3923,6605.832726545112
3924,6605.832726545112
3925,980.3529165766129
3926,6605.832726545112
3927,6605.832726545112
3928,980.3529165766129
3929,980.3529165766129
3930,6605.832726545112
3931,4645.410448154582
3932,4645.410448154582
3933,6605.832726545112
3934,6605.832726545112
3935,4645.410448154582
3936,6605.832726545112
3937,9061.928915826227
3938,6605.832726545112
3939,980.3529165766129
3940,6605.832726545112
3941,4645.410448154582
3942,9061.928915826227
3943,6605.832726545112
3944,9061.928915826227
3945,6605.832726545112
3946,6605.832726545112
3947,4645.410448154582
3948,6605.832726545112
3949,6605.832726545112
3950,4645.410448154582
3951,980.3529165766129
3952,6605.832726545112
3953,980.3529165766129
3954,980.3529165766129
3955,6605.832726545112
3956,9061.928915826227
3957,980.3529165766129
3958,6605.832726545112
3959,6605.832726545112
3960,6605.832726545112
3961,4645.410448154582
3962,980.3529165766129
3963,6605.832726545112
3964,4645.410448154582
